scene,iteration,unit,projected_translation,measured_translation,translation_relative_error,projected_rotation,measured_rotation,rotation_relative_error,projected_fov,measured_fov,fov_relative_error
scene0042_02,0,120,0.02187311944828941,0.021840253844857216,0.0015025567573885004,2.03115829582387,2.9640023708343506,0.3147244699227046,0.030104541083408664,0.029342371970415115,0.0253174134387851
scene0042_02,1,273,4.995849625788835e-05,4.990216257283464e-05,0.0011276097015192942,0.0014749716664524551,0.18312226235866547,0.9919454268014471,0.0010649388104331846,0.0010943488450720906,0.026874460343555815
scene0042_02,2,991,1.6585889140251895e-05,1.76588127942523e-05,0.06075853832878425,0.0015292263565858098,0.13393500447273254,0.9885823249672034,9.352918913749827e-05,9.605733066564426e-05,0.026319089970820927
scene0042_02,3,991,2.0781112056265555e-05,2.0878900613752194e-05,0.00468360663694277,0.0017303945479027279,0.15556654334068298,0.9888768207434343,0.00014066661614374926,0.0001406860101269558,0.0001378529619899386
scene0056_00,0,120,0.05460562804800926,0.054075129330158234,0.009715092323168804,2.5750284034184494,3.7366654872894287,0.31087532127839174,0.025923514490532845,0.025413013994693756,0.019692565065802387
scene0056_00,1,273,5.7795546440987916e-05,6.02663385507185e-05,0.0409978798969384,0.0021595463852086523,0.15938344597816467,0.9864506230747169,0.0009847550641941618,0.0009937279392033815,0.00902950863635048
scene0056_00,2,991,3.757720243348796e-05,3.856281909975223e-05,0.02555872960726067,0.0017159243641557775,0.18605946004390717,0.9907775484044141,0.0001160577660046622,0.00011755218292819336,0.012712796022205956
scene0056_00,3,991,3.86556612483043e-05,3.891059532179497e-05,0.006551790621097808,0.0017002253272615567,0.1744481325149536,0.9902536914396844,0.00014776695848430193,0.00014777221076656133,3.554309861206002e-05
scene0071_00,0,120,0.03686381594653566,0.036282122135162354,0.015779533302166696,1.812054589061379,2.3850460052490234,0.24024333909140597,0.01913715745074034,0.018615083768963814,0.027280628438176358
scene0071_00,1,273,0.00012540841245473413,0.00012609284021891654,0.005427966909097536,0.003711113357207205,0.212257519364357,0.9825159863908671,0.0014037501171412898,0.001436074380762875,0.022508766993262513
scene0071_00,2,273,1.6398770569878133e-05,1.790006172086578e-05,0.08387072482759192,0.0008198933702482263,0.21409516036510468,0.9961704254834624,0.0005013015874660105,0.000506201817188412,0.009680387458146027
scene0071_00,3,991,6.706358758929195e-05,6.705893611069769e-05,6.935922698844682e-05,0.003210712679609316,0.16770558059215546,0.9808550635687104,0.0002430645349603167,0.00024311634479090571,0.00021310714684191586
scene0096_00,0,120,0.04436470386270817,0.0431414432823658,0.027572833217322786,2.366499749656402,3.1184964179992676,0.2411407831038407,0.020268415445640023,0.020073924213647842,0.009595778836969607
scene0096_00,1,273,0.00013515541566763635,0.00014018705405760556,0.03589231847258601,0.0031862313553298006,0.22084927558898926,0.9855728240591582,0.001400502013135435,0.0014256327413022518,0.01762777147209801
scene0096_00,2,273,1.3988938322515482e-05,1.4769630070077255e-05,0.05285790800836826,0.0007564315996482636,0.21238553524017334,0.9964384034026005,0.000403700740794502,0.00040824327152222395,0.011127019217693686
scene0096_00,3,991,5.1069752609456894e-05,5.1308557885931805e-05,0.00465429718383077,0.002430698415197657,0.20358338952064514,0.9880604285992047,0.00016568924700674845,0.00016556604532524943,0.0007435707731473769
scene0109_00,0,120,0.0532418414947753,0.052325621247291565,0.01720865059811365,2.863085530585762,4.158477306365967,0.31150627509669615,0.0233664322945683,0.022866463288664818,0.021396891044410896
scene0109_00,1,273,0.00010181738564552252,0.00010208728053839877,0.002643766113200909,0.002046345469484728,0.22104811668395996,0.9907425337967911,0.0010893658761614792,0.0011011329479515553,0.010686331575098537
scene0109_00,2,12,0.0002487074752915519,0.0002578475105110556,0.03544744411682727,0.021023048101994356,0.24064315855503082,0.9126380810980473,2.0859202976088453e-05,2.2508984329761006e-05,0.07329434902539068
scene0109_00,3,991,6.441672594817446e-05,6.455770926550031e-05,0.0021838339515121183,0.002638622952390598,0.27386292815208435,0.9903651692830608,0.00020429071054373104,0.00020432779274415225,0.00018148387903176098
scene0136_01,0,120,0.030803692486052456,0.029456982389092445,0.04371911249178275,2.7816832816177093,3.7635111808776855,0.26088082433463233,0.02852209586808336,0.027049046009778976,0.05164591918901539
scene0136_01,1,273,6.775115340214093e-05,6.426409527193755e-05,0.0514686164751432,0.0022344709011608045,0.1536465436220169,0.9854570701788269,0.0011211620482433832,0.0011617172276601195,0.03490968236600983
scene0136_01,2,273,6.25043481483559e-06,6.705761279590661e-06,0.06790078646862673,0.00034175595715789495,0.17438888549804688,0.998040265260129,0.00021210216746022837,0.0002180151641368866,0.027121951356308405
scene0136_01,3,273,2.826319962177408e-06,3.2892442050069803e-06,0.14073878799418305,0.00033452730213168934,0.18374180793762207,0.9981793620848378,0.00015737366187834368,0.0001573746558278799,6.315817060887819e-06
scene0150_00,0,120,0.025682792919881813,0.023294128477573395,0.09300641288351788,0.9241567688669632,0.8559772968292236,0.07377479052750878,0.03593835609562597,0.03357727825641632,0.06569799222110258
scene0150_00,1,273,4.160643070513897e-05,4.340103259892203e-05,0.04134929024309976,0.0015661925453363252,0.0162653811275959,0.9037100616917535,0.000826508189347434,0.0008590861689299345,0.03792166695347822
scene0150_00,2,273,2.596372920701473e-06,3.6106787320022704e-06,0.2809183221732726,0.0001378265248759215,0.03713130205869675,0.9962881311121801,8.42524219227566e-05,8.649715164210647e-05,0.025951487149978577
scene0150_00,3,273,1.2894850956368397e-06,1.8197292774857488e-06,0.2913863003740465,0.0001990006151561746,0.035783834755420685,0.99443881248289,8.857757187125359e-05,8.868874283507466e-05,0.00125349576809098
scene0164_01,0,120,0.027995890210016378,0.027293875813484192,0.025075623288486087,2.0204606380432333,2.920010805130005,0.30806398575868343,0.01934703282806386,0.01873611845076084,0.031576644477330745
scene0164_01,1,273,0.00018527461397861245,0.00018589211686048657,0.0033218346872533654,0.0030668113953795546,0.2848431169986725,0.989233331569694,0.0016277126636603807,0.0016638633096590638,0.021726932608478897
scene0164_01,2,273,1.1084685799031764e-05,1.1068984349549282e-05,0.001416499282627706,0.0003858437133485524,0.2548186779022217,0.9984858107085204,0.00024305053905679386,0.00024738546926528215,0.01752297829521977
scene0164_01,3,991,2.1288353538992095e-05,2.148896237486042e-05,0.0093354361354839,0.0018209439792064189,0.2508622109889984,0.9927412583504405,0.00013172261347652815,0.00013167232100386173,0.0003818059127363323
scene0177_01,0,120,0.02977277082402488,0.029340239241719246,0.014527757085901006,2.4492170360364844,3.2911181449890137,0.25581005356322134,0.029734461909997612,0.028423022478818893,0.044105033248904156
scene0177_01,1,273,7.76480969484788e-05,7.844504580134526e-05,0.010159326758309998,0.0023307248043520196,0.1686655879020691,0.9861813851103683,0.0012761277909161567,0.0012982329353690147,0.017027101878735462
scene0177_01,2,991,2.525911006235705e-05,2.6413747036713175e-05,0.04371348649441013,0.001981220107715362,0.17453047633171082,0.9886482856784858,0.00011953292893814606,0.0001219052865053527,0.019460661922175798
scene0177_01,3,991,1.8872170310667826e-05,1.911465369630605e-05,0.01268573260550802,0.001463647878894142,0.15678460896015167,0.9906645946397319,0.00011921045031857256,0.0001191733535961248,0.0003111868326025412
scene0194_00,0,120,0.029191478984996695,0.02832948789000511,0.02952885996062803,2.1318349596360187,3.3864243030548096,0.3704761220521176,0.02503282655886613,0.02417328767478466,0.03433646943784858
scene0194_00,1,273,8.028077992477628e-05,8.037117368075997e-05,0.0011247036946697019,0.002443627638282691,0.1408286839723587,0.9826482249968174,0.0013302073400785353,0.001350158592686057,0.014776969694967435
scene0194_00,2,991,2.1542770007554857e-05,2.277158637298271e-05,0.053962703577199136,0.0025906423562448767,0.1420467644929886,0.9817620460030066,0.00019364373620678948,0.00019898693426512182,0.026852004520122357
scene0194_00,3,991,1.8712751252410764e-05,1.8739092411124147e-05,0.001405679535351804,0.0020513795888555146,0.1337246298789978,0.9846596727116633,0.0001929901593411399,0.00019296533719170839,0.00012861873121538945
scene0221_01,0,120,0.06354348861726412,0.061229217797517776,0.036420266971580524,2.5099740484609145,4.735743522644043,0.46999366911247864,0.02471340840642049,0.023970292881131172,0.03006932564980629
scene0221_01,1,991,0.00045410152430776945,0.0004728254862129688,0.039600153653235555,0.01851650685718802,0.1520785093307495,0.8782437641013615,0.001359048949696174,0.0013812670949846506,0.01608533597097202
scene0221_01,2,991,5.83673362698736e-05,6.0475886130006984e-05,0.034865960551624935,0.0023794810880773455,0.18005497753620148,0.986784696981793,0.00022073341682790642,0.0002230331883765757,0.010311342295776562
scene0221_01,3,991,6.027623751875321e-05,6.066321293474175e-05,0.0063790788068681225,0.0024979944400598617,0.179165780544281,0.9860576364946962,0.0002875597794218356,0.0002876059734262526,0.00016061559454652193
scene0238_00,0,120,0.042465004698397334,0.0386912040412426,0.08886848556729728,3.639370767267615,4.993892669677734,0.2712356856675354,0.022094950659061058,0.020039232447743416,0.09304018112729297
scene0238_00,1,991,0.0002084104738838561,0.00020848070562351495,0.0003368740500411919,0.022208856512545786,0.30388742685317993,0.9269174880233667,0.0008269699868335443,0.0008363609085790813,0.011228312621032797
scene0238_00,2,991,3.631534531142294e-05,3.696772182593122e-05,0.01764719280187466,0.004205557080854744,0.2871015667915344,0.9853516749216893,0.00021088048209148036,0.00021494909015018493,0.018928240430614692
scene0238_00,3,991,3.382270981284044e-05,3.399276829441078e-05,0.005002784124478135,0.0034108887466141624,0.3012157678604126,0.9886762609711892,0.0002269940737991504,0.00022698650718666613,3.333396488117476e-05
scene0254_01,0,120,0.02639799282381208,0.02554592490196228,0.032277754128382026,1.8153693925903283,2.3722286224365234,0.2347409623926733,0.01897423414418604,0.018384838476777077,0.031062948993362302
scene0254_01,1,620,0.00048605006837154304,0.000510015815962106,0.04699020469660022,0.04586665624821113,0.18100343644618988,0.7465978704672454,0.0002470979696559501,0.0002490896440576762,0.007995813753160025
scene0254_01,2,273,0.00024835869328362784,0.0002504588046576828,0.008385057083240855,0.004351193322140951,0.23695634305477142,0.9816371519493986,0.0009004412231338052,0.0009028735803440213,0.002694017482812235
scene0254_01,3,273,3.6800550610116495e-05,3.6910099879605696e-05,0.0029680025208962146,0.002923737354232072,0.22890177369117737,0.9872271092220691,0.0013258839844390196,0.0013258203398436308,4.800163222103372e-05
scene0267_00,0,120,0.027950207505004782,0.027831975370645523,0.004230098625854154,2.6190944221551997,3.981269598007202,0.3421459266495869,0.020400363611050003,0.019598782062530518,0.03929251281017871
scene0267_00,1,991,0.00017759167394867288,0.00017909468442667276,0.008392267379746013,0.016988301996557518,0.21129751205444336,0.9196000850583594,0.00079240081752908,0.0008141592261381447,0.02672500404162076
scene0267_00,2,991,3.0150677187880666e-05,3.056124478462152e-05,0.01343425634768171,0.0027878942878398804,0.32700666785240173,0.9914745032382697,0.00017021863799564717,0.00017403191304765642,0.021911355137290405
scene0267_00,3,991,3.135266391565625e-05,3.141420165775344e-05,0.0019589147216796648,0.0027173757500361093,0.2566678524017334,0.9894128706629652,0.00021383315714101992,0.0002138614800060168,0.00013243556060714556
scene0294_02,0,120,0.06453536557056602,0.06417937576770782,0.0055161971999514205,3.7923554996914786,5.41821813583374,0.30007330738301446,0.026669383203222964,0.02578616328537464,0.03311737324849667
scene0294_02,1,273,0.0003130670281841117,0.00034116243477910757,0.08235199345199534,0.008115645656724015,0.2161431908607483,0.9624524574454322,0.0017470449760989242,0.001736341160722077,0.006126811572274748
scene0294_02,2,273,2.7123719821521797e-05,2.8276583179831505e-05,0.04077095704872847,0.0011380439457530315,0.2603547275066376,0.9956288715912639,0.000520549716300397,0.0005240141763351858,0.006611386086953426
scene0294_02,3,991,5.967437447791696e-05,5.976568354526535e-05,0.0015277842054500787,0.003446539636908587,0.24152082204818726,0.9857298447078781,0.0002500036809152534,0.00024995169951580465,0.00020792253641397913
scene0309_00,0,120,0.031053986108478284,0.030605953186750412,0.014427549499210707,2.96422010006637,4.162914276123047,0.2879459187838549,0.018746105347083236,0.018181219696998596,0.0301334938444978
scene0309_00,1,273,0.0001654845061953856,0.00016439879254903644,0.006560817512832731,0.0038049767724245846,0.2776778042316437,0.986297151898931,0.0016392693828201433,0.0016588842263445258,0.011824118412172326
scene0309_00,2,273,1.3135973926673137e-05,1.3565155313699506e-05,0.03163851626475204,0.0006965710458470638,0.2703864574432373,0.9974237946218393,0.000350500385502936,0.0003528122033458203,0.0065525450110871
scene0309_00,3,991,2.26865527003758e-05,2.2710270059178583e-05,0.0010443450800444855,0.0028259425101479626,0.2548302114009857,0.9889104886951523,0.00019078238626001008,0.0001907270634546876,0.00028997857929654794
scene0340_01,0,120,0.03376187569440458,0.03211592137813568,0.04875186234222423,2.363624341830877,3.712045431137085,0.3632555458495979,0.029013692936405953,0.02815275825560093,0.029673391894374675
scene0340_01,1,273,7.043849449691564e-05,7.153768092393875e-05,0.015365139222108696,0.002245096807177671,0.19123400747776031,0.9882599500120879,0.0012545050204301402,0.0012765772407874465,0.01729015656247425
scene0340_01,2,991,1.833439274360172e-05,1.9008937670150772e-05,0.03548567196410305,0.0017316474105521066,0.16517755389213562,0.9895164483929645,0.00011308299084461079,0.00011639223521342501,0.028431831064556504
scene0340_01,3,991,2.0540296645191684e-05,2.055970617220737e-05,0.0009440566345215851,0.0017824941724000987,0.1572646051645279,0.9886656366794342,0.00015221559099659127,0.00015231598808895797,0.0006591369272939321
scene0353_02,0,120,0.030505943271858977,0.03043239749968052,0.0024108670078824314,2.436922092241564,3.749765157699585,0.3501134098390916,0.019680575425796105,0.01971159316599369,0.0015735785502663793
scene0353_02,1,273,0.00011621939608674713,0.00011409344006096944,0.01829260947278422,0.002717966665414539,0.17540812492370605,0.9845048986949907,0.0017165068409015606,0.0017363008810207248,0.01140012099027891
scene0353_02,2,991,4.603535615471893e-05,4.6978839236544445e-05,0.020083150140746457,0.0035958163717293113,0.19151517748832703,0.98122437908636,0.0001971426538063432,0.00020137286628596485,0.021006864319120497
scene0353_02,3,991,3.825559111240915e-05,3.824404484475963e-05,0.0003018190887599388,0.003374818935492876,0.2125958949327469,0.9841256627435799,0.00024814980736218505,0.000248144002398476,2.33929809204989e-05
scene0367_01,0,120,0.029467547784153017,0.02914268709719181,0.011024354294452325,2.3010065677970943,3.5032992362976074,0.3431886879783448,0.023259126153973346,0.023044398054480553,0.009231993415028252
scene0367_01,1,273,0.00010321941166368505,0.00010521248623263091,0.01894332735887503,0.0023143353779035048,0.24411965906620026,0.9905196681547228,0.0011230203087619762,0.0011335695162415504,0.00930618486861841
scene0367_01,2,56,0.0003206488136861462,0.0003564512880984694,0.10044142245442735,0.030160426739305607,0.2759109437465668,0.8906878200271428,0.00017684062172628563,0.00017790868878364563,0.006003456405993049
scene0367_01,3,56,0.0003047954504162471,0.0003048200160264969,8.059054182201217e-05,0.03009296377054128,0.25598904490470886,0.8824443296714385,0.00020592226998427258,0.000205895776161924,0.00012865933514912714
scene0380_02,0,120,0.07567998281763184,0.07203328609466553,0.04818574987991029,3.0476106675098644,4.981679916381836,0.38823635426915876,0.03466150901736836,0.03213045746088028,0.07302196667836376
scene0380_02,1,236,0.0011905783716502016,0.0011616875417530537,0.024266214291381566,0.019097607514713,0.2676480710506439,0.9286465714482979,0.0005289583992561082,0.00035177110112272203,0.33497397599238526
scene0380_02,2,991,6.233831413010947e-05,6.331463373498991e-05,0.015420125605826469,0.002523001589846022,0.26649874448776245,0.9905327824538329,0.00014036612152922202,0.00014188689237926155,0.010718191261632086
scene0380_02,3,991,6.393503293697032e-05,6.424588355002925e-05,0.004838451833522739,0.002497542134847861,0.3132287859916687,0.992026460381217,0.0001845629222930012,0.00018465843459125608,0.000517237668922587
scene0395_00,0,120,0.031139926594394494,0.031155521050095558,0.0005005358657295374,2.1723257362066204,3.0402166843414307,0.2854700958010209,0.017150176044985064,0.01710999198257923,0.002343069966187489
scene0395_00,1,273,0.0001442149328061478,0.00014410649600904435,0.0007519110191536376,0.003325187278990132,0.24063163995742798,0.9861814211980667,0.0019390412321113146,0.001959281973540783,0.010330693439132484
scene0395_00,2,991,4.8521326046461075e-05,4.9436897825216874e-05,0.018520008718847694,0.0036689466164685643,0.21313518285751343,0.9827858236857996,0.00019925327972863607,0.0002032226911978796,0.019532324101438514
scene0395_00,3,991,4.49023756419195e-05,4.500677459873259e-05,0.0023196276059300747,0.0031142479188909712,0.228293776512146,0.9863585947612318,0.00023215008667468854,0.000232156555284746,2.7863137655196938e-05
scene0409_01,0,120,0.04682732722572253,0.04870719835162163,0.0385953450315113,2.419368361740888,3.8612074851989746,0.3734166394800165,0.017842567085953383,0.01786182075738907,0.0010779232250284622
scene0409_01,1,273,0.0004553383830676129,0.00046399416169151664,0.01865493003693971,0.006194872323580086,0.27815985679626465,0.9777290929218537,0.0010391008138798757,0.0010352054378017783,0.003748795137165255
scene0409_01,2,273,9.926359587455083e-05,0.00010058206680696458,0.013108409622802138,0.0029649112649698136,0.26151353120803833,0.9886624938630376,0.0014969325245706405,0.0015127244405448437,0.010439387076019848
scene0409_01,3,991,7.276612091625684e-05,7.288107735803351e-05,0.0015773153463681242,0.003217338692291801,0.28184667229652405,0.9885847909216863,0.00023284496931137916,0.0002328333939658478,4.971267176442094e-05
scene0421_02,0,120,0.02785281508969352,0.027686500921845436,0.00597117983631124,2.2176702899851755,3.2476654052734375,0.31714939402802844,0.017274237283435242,0.017516199499368668,0.013813625263981878
scene0421_02,1,273,0.00013555591372495284,0.00013663872960023582,0.007924662930129547,0.0023437591352272412,0.2451484203338623,0.9904394279512985,0.0012150836849124786,0.0012234284076839685,0.00682076917544125
scene0421_02,2,273,1.892454695299921e-05,1.9144394173054025e-05,0.01148363422041598,0.000578858080364871,0.2404307723045349,0.9975924126732344,0.00035884009556788897,0.0003612909640651196,0.006783641831653741
scene0421_02,3,991,4.748858464045885e-05,4.7593370254617184e-05,0.0022016851002092607,0.004572494262247762,0.2532622218132019,0.9819456126163961,0.00030618444358260514,0.000306213041767478,9.33930988300647e-05
scene0435_03,0,120,0.03123680695847211,0.030279964208602905,0.030631900089573255,2.539372016062557,3.275970697402954,0.22484898351634844,0.021715704815432384,0.020808836445212364,0.041760945726962935
scene0435_03,1,273,0.0001107251362549113,0.00011052293848479167,0.0018261234707730699,0.003263238118424666,0.23059985041618347,0.9858489148517,0.0016848329573824188,0.001721009030006826,0.021020268919950767
scene0435_03,2,991,2.8975253165200263e-05,2.9986493245814927e-05,0.03372318571314764,0.002603415500182735,0.2245245724916458,0.98840476357981,0.0001298564678917408,0.00013260576815810055,0.020732885941144374
scene0435_03,3,991,2.981973021277648e-05,2.9911445381003432e-05,0.0030662232151843897,0.0024573651183873854,0.24950458109378815,0.9901510220469112,0.00016727034155665973,0.00016736119869165123,0.0005428805224972529
scene0451_01,0,120,0.05033100733419978,0.049775898456573486,0.011029162876481943,2.688439939487561,3.7640933990478516,0.285766941870354,0.019635738553703774,0.019309021532535553,0.016638896483300036
scene0451_01,1,273,0.00011331537027016998,0.00011430361337261274,0.008645773071243552,0.003327894470372758,0.23059985041618347,0.9855685315304125,0.0017808828227458102,0.0018122767796739936,0.017322937246832013
scene0451_01,2,991,6.133737298797662e-05,6.277955981204286e-05,0.02297223536424977,0.003450893897022029,0.21758317947387695,0.9841398866154709,0.0001601024008248575,0.00016437892918474972,0.02601628068209224
scene0451_01,3,991,6.650886654737439e-05,6.661283259745687e-05,0.0015607510749580458,0.003525880691064675,0.18101496994495392,0.9805216071790256,0.00022341037803931806,0.00022340753639582545,1.2719388944927987e-05
scene0466_01,0,120,0.03706200883295394,0.03731294348835945,0.006725136961756801,2.0816888025083817,2.7405247688293457,0.24040503987212464,0.019209074480687757,0.018831932917237282,0.019633510392686637
scene0466_01,1,273,7.282164931352454e-05,7.195588841568679e-05,0.011888784530412455,0.0020847221354961263,0.15555499494075775,0.986598166543671,0.0007010527050306979,0.0007100192015059292,0.012628526744366505
scene0466_01,2,991,8.680146425708901e-05,8.90334922587499e-05,0.0250695322067582,0.004514262960048255,0.1469632387161255,0.969283046566713,0.00028312511855891064,0.0002873420307878405,0.014675584415436293
scene0466_01,3,991,3.816914284138017e-05,3.8355065044015646e-05,0.004847396358788991,0.0018742719203677374,0.15330813825130463,0.9877744786301207,0.00016094479859424683,0.000161091928021051,0.0009133258792764454
scene0477_00,0,120,0.05715096484643536,0.054793450981378555,0.04125063979919573,2.5456905061049744,3.5797171592712402,0.28885708204297716,0.03317395999778015,0.03166152164340019,0.04559113094973184
scene0477_00,1,273,0.00014825547394417882,0.00014969066251069307,0.009587696002158658,0.003707904331134312,0.11857757717370987,0.9687301392091826,0.0018460745071807634,0.0018659114139154553,0.010631215708716798
scene0477_00,2,273,1.0533561036860934e-05,1.1505338989081793e-05,0.08446321774117609,0.00043243309307780336,0.16155946254730225,0.9973233812104866,0.00025256632646242385,0.0002545903844293207,0.00795025299731524
scene0477_00,3,991,5.743611563282838e-05,5.741230779676698e-05,0.000414509856717982,0.0026161972985017153,0.14163756370544434,0.9815289303906521,0.00022461137316410538,0.00022461898333858699,3.388037096640516e-05
scene0493_01,0,120,0.04806113251407038,0.049874093383550644,0.036350753396917033,1.9180718092335916,2.8853771686553955,0.33524399164514584,0.02081856981330572,0.020725484937429428,0.004471242583474622
scene0493_01,1,273,9.591912650784092e-05,9.917483839672059e-05,0.032828002964382194,0.002548891095085495,0.2759702205657959,0.9907638907927828,0.0013857174151661687,0.001413620775565505,0.019738929196321347
scene0493_01,2,991,7.290607012448456e-05,7.309267675736919e-05,0.0025530140797014864,0.002460984285931282,0.32230058312416077,0.9923643194744602,0.00011984257623192201,0.00012274902837816626,0.023678005314144126
scene0493_01,3,991,7.183032343734827e-05,7.186761649791151e-05,0.0005189132794507949,0.002418819549320812,0.29733213782310486,0.9918649239633831,0.00016506424141821686,0.00016500186757184565,0.00037787618829671917
scene0509_01,0,120,0.029681414376445437,0.029576724395155907,0.003527122392543739,2.140598271311255,2.8307206630706787,0.2437974190681182,0.02303209248016605,0.022002046927809715,0.04472218723693265
scene0509_01,1,273,0.00013188718589229967,0.00013165378186386079,0.001769724836114771,0.002484724678839278,0.21887002885341644,0.9886474877722825,0.001433767036597017,0.001460867584683001,0.018550995566011377
scene0509_01,2,273,9.748211800549838e-06,1.0186010513280053e-05,0.04298039081733053,0.0004124406615257172,0.17957496643066406,0.9977032396568206,0.0002773168631507127,0.0002830542216543108,0.020269468054799306
scene0509_01,3,991,2.8464528952072332e-05,2.854814192687627e-05,0.002928841219092463,0.002382010809575203,0.20495262742042542,0.9883777493386854,0.0001755851822254977,0.00017561503045726568,0.0001699639927758505
scene0525_00,0,120,0.04206026986071245,0.04421866312623024,0.04881181638975069,2.8333113923369417,3.9227828979492188,0.27772923813393774,0.025146625865265303,0.025241458788514137,0.0037570302114229353
scene0525_00,1,273,8.742642732004748e-05,8.892717596609145e-05,0.01687615320896074,0.002191851975044048,0.3008085787296295,0.9927134658715497,0.001128173878551352,0.0011380930664017797,0.008715621018400871
scene0525_00,2,991,5.646477773922074e-05,5.6563552789157256e-05,0.0017462667224016394,0.003186394715392612,0.28518152236938477,0.9888267841165901,0.00014283438182259098,0.00014474881754722446,0.013225916156509488
scene0525_00,3,991,5.56444031468008e-05,5.561693978961557e-05,0.0004935511144359486,0.0030225929954040254,0.2968636751174927,0.9898182457176421,0.0001846725272754931,0.00018461424042470753,0.0003156227493363059
scene0540_02,0,120,0.02565525835112617,0.024909386411309242,0.029072868010475008,2.5672476094230916,3.3497278690338135,0.23359517256439652,0.020222063469485796,0.01964028738439083,0.028769372916509703
scene0540_02,1,273,8.159402036515843e-05,8.044903370318934e-05,0.014032727604852892,0.002124079951011105,0.20917868614196777,0.9898456195983107,0.0012977816351433136,0.001322694355621934,0.018834827844189522
scene0540_02,2,991,2.1301101601391883e-05,2.2391210222849622e-05,0.04868466735868138,0.002826311235917607,0.22344808280467987,0.9873513739726818,0.00014252939877081063,0.00014644426119048148,0.02673278138621459
scene0540_02,3,991,2.3365809922236046e-05,2.3312557459576055e-05,0.0022790762587396205,0.00274919281116295,0.17465852200984955,0.9842596125312001,0.00018745017305874255,0.00018756654753815383,0.0006204436821955378
scene0555_00,0,120,0.02943508000629289,0.028992943465709686,0.015020735139455324,2.066094284691102,2.9563746452331543,0.3011392219783567,0.014202229246618153,0.013847620226442814,0.024968546417442117
scene0555_00,1,273,0.00013424796667987083,0.00013359010335989296,0.004900359657190259,0.003006097049458566,0.19703969359397888,0.9847436981116457,0.0015908841821043326,0.0016143083339557052,0.014510333223625249
scene0555_00,2,991,5.389380375168272e-05,5.449242235044949e-05,0.010985354897915021,0.0034060110380791223,0.1887175440788269,0.9819518049860991,0.00020801623796425236,0.00021353657939471304,0.025851970871260316
scene0555_00,3,991,4.784216178467671e-05,4.7916251787682995e-05,0.0015462395375702889,0.002868366519246223,0.15958227217197418,0.9820257821861622,0.00023903000024002918,0.00023909365700092167,0.00026624194757387463
scene0571_00,0,120,0.031917138515634505,0.03246281296014786,0.016809216292600272,1.7999110428008773,2.589951753616333,0.30504070576308107,0.02103901317134303,0.020007099956274033,0.04904760535415948
scene0571_00,1,273,8.945081603902175e-05,9.032290108734742e-05,0.009655193066510488,0.0024920787875702933,0.24126273393630981,0.9896706849544855,0.001481746947864252,0.001518011325970292,0.023889398903437244
scene0571_00,2,991,3.1708068694743716e-05,3.276607458246872e-05,0.03228967464693136,0.0021501327600028943,0.2243257611989975,0.9904151322232869,0.00013187734818756125,0.0001351164246443659,0.023972484953846976
scene0571_00,3,991,3.298298821076333e-05,3.301073593320325e-05,0.000840566611300802,0.0021116126179453075,0.21798084676265717,0.990312852485409,0.00016857387965884827,0.0001686208270257339,0.0002784197403945297
scene0582_02,0,120,0.05234611156714612,0.05105799809098244,0.024607624856936676,2.791972723515203,3.7874457836151123,0.2628349333491267,0.028826472521238686,0.02776437997817993,0.03684434653862797
scene0582_02,1,273,8.042868741075792e-05,8.08757686172612e-05,0.005527999475579111,0.001977426925623962,0.18449144065380096,0.9892817416427756,0.0012705655099746558,0.0012891091173514724,0.014384823695076475
scene0582_02,2,991,4.489479924133654e-05,4.510400685830973e-05,0.004638337734170696,0.0021118824040230705,0.15890343487262726,0.9867096491292595,0.00011120585423721069,0.00011311481648590416,0.01687632361522997
scene0582_02,3,991,4.159528014565472e-05,4.183385317446664e-05,0.00570287006116699,0.0019180338854570041,0.14443519711494446,0.9867204537137123,0.00013590192858071608,0.00013578614743892103,0.0008519462748188695
scene0593_00,0,120,0.04525663492150769,0.04521457850933075,0.0009292872139052973,2.4166634607466184,3.4589929580688477,0.3013390052994386,0.01985108551127451,0.019627822563052177,0.011246888644730748
scene0593_00,1,273,7.937546011872953e-05,7.917215407360345e-05,0.0025613211541951446,0.0025797146212884394,0.19588084518909454,0.9868301843460083,0.001387431359219772,0.0014094086363911629,0.015593261318211074
scene0593_00,2,269,0.0003358310688997814,0.00034879319719038904,0.03716278985662737,0.022360108909144513,0.216424360871315,0.8966839554515781,9.216394386397316e-05,9.305334970122203e-05,0.009558020641971457
scene0593_00,3,991,4.3425485527762253e-05,4.360489037935622e-05,0.004114328691877693,0.002276270791255481,0.21478554606437683,0.9894021230340462,0.00015951913271237966,0.00015956074639689177,0.0002608015157349596
scene0606_01,0,120,0.025265632418048238,0.02453743666410446,0.02882159218874717,1.8797410233961942,2.6545727252960205,0.29188565621739454,0.018551233304830845,0.01840103045105934,0.008096650573220369
scene0606_01,1,273,0.0001354345605607013,0.00013507387484423816,0.002663173380338735,0.002595693781517315,0.1554269790649414,0.9832995931778822,0.000862888560358436,0.0008667854126542807,0.004495752049993176
scene0606_01,2,273,2.3503634445267856e-05,2.2953234292799607e-05,0.02341766137275269,0.0011778960735573775,0.13912110030651093,0.9915333039275693,0.0006408593499792854,0.0006474822293967009,0.010228665925837727
scene0606_01,3,465,0.000402009894782952,0.00040195119800046086,0.00014600830291208868,0.046476860018491,0.13652227818965912,0.6595657453509197,1.2510063749190746e-05,1.2492288988141809e-05,0.0014208369681639277
scene0619_00,0,120,0.027022048097940468,0.026140060275793076,0.03263956229189803,1.8542473979621765,2.7265806198120117,0.31993670589134443,0.03800393521995564,0.03713972121477127,0.02274011888986105
scene0619_00,1,991,0.00011214524492014203,0.00012074523692717776,0.07122427539085815,0.006169975936250587,0.016785871237516403,0.6324304023933713,0.0005950623870181845,0.0006199183408170938,0.04009552897910323
scene0619_00,2,991,1.3182651274999629e-05,1.4621195077779703e-05,0.0983875664832812,0.0007004485603710962,0.022381164133548737,0.9687036582998315,8.745701293285246e-05,8.940753468777984e-05,0.021816078049112998
scene0619_00,3,991,1.0870829092980476e-05,1.1173792699992191e-05,0.027113766573808654,0.0005807955662231239,0.01958351768553257,0.9703426332516253,8.545181755620177e-05,8.536958193872124e-05,0.0009623624146606379
scene0631_01,0,120,0.037109686370987716,0.03500397130846977,0.05674300346995623,2.0399756135505815,2.536081075668335,0.1956189283053636,0.026225765873144662,0.024472907185554504,0.06683727354498713
scene0631_01,1,273,0.00016070192999071063,0.00016243706340901554,0.01068188122765957,0.004070292160876076,0.1748688966035843,0.9767237499639336,0.00041099955687608425,0.0004063446831423789,0.011325739056961477
scene0631_01,2,273,9.74405595301282e-05,9.792088530957699e-05,0.0049052434312683345,0.002135863890304403,0.16749520599842072,0.9872482088214242,0.0007181596847890976,0.0007366091012954712,0.02504641399885865
scene0631_01,3,273,2.4451070494605277e-05,2.4594795831944793e-05,0.0058437296378301045,0.0018134000758434567,0.17214204370975494,0.9894656759222575,0.0008373951938822555,0.0008374173776246607,2.6490664031995543e-05
scene0648_00,0,120,0.03842567578730778,0.036171890795230865,0.05865309967616376,3.400996023765724,4.730071544647217,0.2809842321276388,0.02764800952263316,0.026360727846622467,0.04655965106482263
scene0648_00,1,273,0.00015530536384711948,0.00015993538545444608,0.028949325967925644,0.0047943221338877864,0.29623255133628845,0.9838156809160206,0.001692060970817141,0.0017140593845397234,0.012834102436007222
scene0648_00,2,991,7.179207169101518e-05,7.29124149074778e-05,0.015365602934483484,0.007417411919738661,0.2534017860889435,0.9707286517817394,0.00039526566470241995,0.00040062746847979724,0.013383515108744155
scene0648_00,3,991,2.584646494105559e-05,2.5949208065867424e-05,0.003959393463994752,0.002545257480768822,0.29651370644569397,0.9914160545518155,0.00017254368998974973,0.00017247495998162776,0.000398333941542894
scene0663_01,0,120,0.044091771751626055,0.04296291619539261,0.025602408598874582,3.05077601204243,4.3641276359558105,0.3009425327281328,0.024650984637988416,0.024234415963292122,0.016898662703084932
scene0663_01,1,991,0.000420046796253541,0.000426601996878162,0.015366080497961652,0.02496295003875379,0.25627022981643677,0.9025912995956087,0.0010630446283960919,0.0010738368146121502,0.010050117549710075
scene0663_01,2,991,4.372869637890505e-05,4.4599837565328926e-05,0.019532384734537417,0.002711869014763627,0.20434458553791046,0.98672894117735,0.0001426683702195393,0.0001435772137483582,0.006329998368764663
scene0663_01,3,991,4.292250394221719e-05,4.325987902120687e-05,0.007798798485411607,0.0028326835000512577,0.25531020760536194,0.9889049344065796,0.0001851733036627266,0.00018513067334424704,0.0002302184906588756
