scene,variant,frame_id,translation_error_aligned,rotation_error_deg_aligned
scene0000_00,H200(Z200),0,0.048510739704841224,2.583589423438102
scene0000_00,H200(Z200),22,0.0906303788718023,3.1415956337506845
scene0000_00,H200(Z200),55,0.0861717357773702,3.5738660642738
scene0000_00,H200(Z200),78,0.10012775008499301,3.3986375947645517
scene0000_00,H200(Z200),111,0.11355831245519553,3.120816709476134
scene0000_00,H200(Z200),134,0.12367366118557058,4.1423161413261615
scene0000_00,H200(Z200),167,0.07389488394639762,2.742430845036403
scene0000_00,H200(Z200),189,0.0647659895560594,2.9928528789590616
scene0000_00,H200(Z200),223,0.08655037237344189,3.162313316025186
scene0000_00,H200(Z200),245,0.1015237164908987,3.506039157249754
scene0000_00,H200(Z200),279,0.10967435132659178,2.5983278162118286
scene0000_00,H200(Z200),301,0.1281201405724853,3.293199398726931
scene0000_00,H200(Z200),335,0.09653525725027426,3.5818949734759267
scene0000_00,H200(Z200),357,0.03948266576751912,3.606032936700014
scene0000_00,H200(Z200),391,0.04847621378906211,3.595175024861544
scene0000_00,H200(Z200),413,0.05588979815090312,3.6448001199452382
scene0000_00,H200(Z200),447,0.1130847825184684,3.3071380550146987
scene0000_00,H200(Z200),469,0.06389945630220464,3.228772654369323
scene0000_00,H200(Z200),502,0.060231939124891554,2.7775763286477573
scene0000_00,H200(Z200),525,0.040968146420331863,3.1368718703045553
scene0000_00,H200(Z200),558,0.08723749918612515,3.2632504414722767
scene0000_00,H200(Z200),581,0.1106350652030977,3.675029957882039
scene0000_00,H200(Z200),614,0.08117406075282836,3.2717947460336507
scene0000_00,H200(Z200),637,0.10174058895250042,3.6879203504155527
scene0000_00,H200(Z200),670,0.04214795348846575,3.058227303818512
scene0000_00,H200(Z200),692,0.0858961288508293,3.39022762707323
scene0000_00,H200(Z200),726,0.08053235839515878,3.296848661184472
scene0000_00,H200(Z200),748,0.11291894107574327,3.430629139913479
scene0000_00,H200(Z200),782,0.08904407929357633,3.2957842915973594
scene0000_00,H200(Z200),804,0.11634472364053476,3.2741902216861303
scene0000_00,H200(Z200),838,0.14473821215384636,3.407126235835507
scene0000_00,H200(Z200),860,0.1321863518445254,3.627062602265843
scene0000_00,H200(Z200),894,0.09566877520697258,2.9845220457287867
scene0000_00,H200(Z200),916,0.07706474596672132,2.910015858919292
scene0000_00,H200(Z200),949,0.0837871238701752,2.6705810768117733
scene0000_00,H200(Z200),972,0.08445671486274918,1.9738769848283912
scene0000_00,H200(Z200),1005,0.05723309396057708,2.6935704134091965
scene0000_00,H200(Z200),1028,0.03744900062230059,2.4457546865882565
scene0000_00,H200(Z200),1061,0.03963793626776957,2.3676248063811296
scene0000_00,H200(Z200),1084,0.10804069042876316,3.287761819873374
scene0000_00,H200(Z200),1117,0.05756678758804783,1.9450662283877396
scene0000_00,H200(Z200),1139,0.08085951006354496,1.9760531239515047
scene0000_00,H200(Z200),1173,0.0786128999274406,1.717678005184669
scene0000_00,H200(Z200),1195,0.06439039044110335,1.0038154535249233
scene0000_00,H200(Z200),1229,0.07183477035110522,1.9311941990061654
scene0000_00,H200(Z200),1251,0.09751286773311207,1.436026997434099
scene0000_00,H200(Z200),1285,0.08609041910509493,3.2636238803604876
scene0000_00,H200(Z200),1307,0.15752369991085988,1.7562551053772242
scene0000_00,H200(Z200),1341,0.05478327819714829,0.6372232916477018
scene0000_00,H200(Z200),1363,0.07937726033825779,2.6667654646950094
scene0000_00,H200(Z200),1397,0.21331716099573825,3.891262641712868
scene0000_00,H200(Z200),1419,0.3891663738295676,5.966280476055265
scene0000_00,H200(Z200),1452,0.3986998189058376,7.642165465560608
scene0000_00,H200(Z200),1475,0.28747132789592544,4.747603860708974
scene0000_00,H200(Z200),1508,0.2707683131137213,4.74254003491198
scene0000_00,H200(Z200),1531,0.18647231963377373,2.7999107192919395
scene0000_00,H200(Z200),1564,0.35649768368762297,7.241897671524478
scene0000_00,H200(Z200),1587,0.26255938732667505,5.2718451155460535
scene0000_00,H200(Z200),1620,0.20698953302330889,8.018667839119326
scene0000_00,H200(Z200),1642,0.41005933679349815,7.714965365866885
scene0000_00,H200(Z200),1676,0.03025081256031751,2.4481036124873223
scene0000_00,H200(Z200),1698,0.17047510080969275,3.301792328324766
scene0000_00,H200(Z200),1732,0.0793556996333115,3.674892295442691
scene0000_00,H200(Z200),1754,0.04725105155235525,1.5883367248238265
scene0000_00,H200(Z200),1788,0.2741947213804257,2.1186394668188897
scene0000_00,H200(Z200),1810,0.30571847959868914,2.7748544251257634
scene0000_00,H200(Z200),1844,0.31993516911400227,3.9834789699924196
scene0000_00,H200(Z200),1877,0.24988995549051768,2.4580785490846915
scene0000_00,H200(Z200),1899,0.14103808575373641,1.8657273189730719
scene0000_00,H200(Z200),1933,0.22602160594309595,2.9639928113948972
scene0000_00,H200(Z200),1955,0.23846260548012077,2.81946600198614
scene0000_00,H200(Z200),1989,0.2688564271928363,3.585544355449351
scene0000_00,H200(Z200),2011,0.25161994785172404,3.6680548517992206
scene0000_00,H200(Z200),2045,0.26645871036313545,3.8638038506502164
scene0000_00,H200(Z200),2067,0.2401587549399932,3.357468509719796
scene0000_00,H200(Z200),2101,0.2381275639535999,2.8895067839178803
scene0000_00,H200(Z200),2123,0.22668728725112997,2.5539613097238036
scene0000_00,H200(Z200),2157,0.13476960498528878,2.413482950091997
scene0000_00,H200(Z200),2179,0.11224760745299342,2.810657065835279
scene0000_00,H200(Z200),2212,0.08668474593337536,2.8674714087078823
scene0000_00,H200(Z200),2235,0.05530072960534063,3.289437771792259
scene0000_00,H200(Z200),2268,0.06434047167932719,2.7763760415017735
scene0000_00,H200(Z200),2291,0.08968840152810681,2.572844332228141
scene0000_00,H200(Z200),2324,0.09670812858209178,2.909370587306725
scene0000_00,H200(Z200),2347,0.1392500287727323,1.598800102669513
scene0000_00,H200(Z200),2380,0.18215508670799482,2.311137637212983
scene0000_00,H200(Z200),2402,0.16581304020038298,2.016474390209849
scene0000_00,H200(Z200),2436,0.1313990275608302,2.7226807189522293
scene0000_00,H200(Z200),2458,0.18623219499820023,3.3399170560476317
scene0000_00,H200(Z200),2492,0.16096748569763,3.672813103493706
scene0000_00,H200(Z200),2514,0.20538689805285718,3.900970837270917
scene0000_00,H200(Z200),2548,0.2250920132205499,3.3008591208195637
scene0000_00,H200(Z200),2570,0.30526884407730887,3.335680280253182
scene0000_00,H200(Z200),2604,0.18057503025974306,2.7470395945636867
scene0000_00,H200(Z200),2626,0.17629504868543963,2.791699450583818
scene0000_00,H200(Z200),2659,0.17215568401447084,2.130034884571444
scene0000_00,H200(Z200),2682,0.13123207319956737,2.9195641452289465
scene0000_00,H200(Z200),2715,0.21212441607380197,3.0817437762698963
scene0000_00,H200(Z200),2738,0.19985607138461345,2.394495056903372
scene0000_00,H200(Z200),2771,0.3461232891289093,2.8571942275068585
scene0000_00,H200(Z200),2794,0.4984200718105388,3.2072143514581457
scene0000_00,H200(Z200),2827,0.15245542477705293,3.2920307355718963
scene0000_00,H200(Z200),2849,0.15898277191450713,3.275965790329713
scene0000_00,H200(Z200),2883,0.024573125504105814,2.8831469876926215
scene0000_00,H200(Z200),2905,0.16483525931546522,5.038200480790899
scene0000_00,H200(Z200),2939,0.1979678656048426,0.9364870367222397
scene0000_00,H200(Z200),2961,0.2390083311066062,1.8453234782487602
scene0000_00,H200(Z200),2995,0.2999390055987261,1.7494491280123814
scene0000_00,H200(Z200),3017,0.2448177724430225,1.5580259378759593
scene0000_00,H200(Z200),3051,0.09152862225533358,1.628025251308873
scene0000_00,H200(Z200),3073,0.06278164828331885,1.2478347731012478
scene0000_00,H200(Z200),3107,0.27866534104385615,5.111343018982416
scene0000_00,H200(Z200),3129,0.2829974450942394,10.06149465591437
scene0000_00,H200(Z200),3162,0.28094080857157055,13.107104838114166
scene0000_00,H200(Z200),3185,0.2757450439994233,12.563520012081124
scene0000_00,H200(Z200),3218,0.1693843608466701,1.4192750584524816
scene0000_00,H200(Z200),3241,0.1067882468595862,2.4499850183418355
scene0000_00,H200(Z200),3274,0.022824399024089215,2.693557752266807
scene0000_00,H200(Z200),3297,0.022907315760990858,3.033382761720431
scene0000_00,H200(Z200),3330,0.09716236760661727,3.140916129904086
scene0000_00,H200(Z200),3352,0.08755994086227505,2.772082323510679
scene0000_00,H200(Z200),3386,0.057463897613116995,2.692659492186596
scene0000_00,H200(Z200),3408,0.03167280245678537,2.7637234345240804
scene0000_00,H200(Z200),3442,0.039801504700433435,3.348805681819324
scene0000_00,H200(Z200),3464,0.04668739863701993,3.9559422244576594
scene0000_00,H200(Z200),3498,0.06616908800734098,3.2240347867837063
scene0000_00,H200(Z200),3520,0.12202229273435877,3.653931767885319
scene0000_00,H200(Z200),3554,0.11587066381781086,2.8175418843497853
scene0000_00,H200(Z200),3576,0.06749417458867564,2.5825640631698263
scene0000_00,H200(Z200),3609,0.05758779456476087,2.001096005591545
scene0000_00,H200(Z200),3632,0.1023353691526341,1.323819662929085
scene0000_00,H200(Z200),3665,0.06344759022990733,2.527576329217624
scene0000_00,H200(Z200),3688,0.08913737888670689,2.2786108558767086
scene0000_00,H200(Z200),3721,0.05414790319548877,1.8986084821963405
scene0000_00,H200(Z200),3755,0.09753002121880827,1.1797508717267302
scene0000_00,H200(Z200),3777,0.17987248476192885,2.8290086775333267
scene0000_00,H200(Z200),3811,0.2606168710074549,2.4638375912623762
scene0000_00,H200(Z200),3833,0.2372025815900534,2.155894786010763
scene0000_00,H200(Z200),3867,0.1793911768303006,5.287622453780541
scene0000_00,H200(Z200),3889,0.16666428314887774,3.885859757001131
scene0000_00,H200(Z200),3922,0.3076045396872672,2.7819809020589648
scene0000_00,H200(Z200),3945,0.37523768240406513,2.0244461165876273
scene0000_00,H200(Z200),3978,0.42337162005764944,8.963952254703912
scene0000_00,H200(Z200),4001,0.6497327120204722,10.437132821880288
scene0000_00,H200(Z200),4034,0.4408872745711172,5.207795436663341
scene0000_00,H200(Z200),4057,0.1812616678696139,3.3733838328033574
scene0000_00,H200(Z200),4090,0.1355229058132673,3.1348759695873976
scene0000_00,H200(Z200),4112,0.09385848941238216,2.251212479068029
scene0000_00,H200(Z200),4146,0.06681359932167752,1.7838387700869631
scene0000_00,H200(Z200),4168,0.0337515401361335,1.3897970640613233
scene0000_00,H200(Z200),4202,0.052672935834623257,1.0676178853177858
scene0000_00,H200(Z200),4224,0.19735356485407834,4.40592175243036
scene0000_00,H200(Z200),4258,0.4784642304646084,9.715323411838494
scene0000_00,H200(Z200),4280,0.2630490509497716,4.431579484895537
scene0000_00,H200(Z200),4314,0.17164705639873137,2.6308291900372605
scene0000_00,H200(Z200),4336,0.18959082980098546,3.2350724657416943
scene0000_00,H200(Z200),4369,0.13107328211735503,2.9378582242439375
scene0000_00,H200(Z200),4392,0.23609380216877096,6.384737305541477
scene0000_00,H200(Z200),4425,0.15391714104901508,3.2149864247108684
scene0000_00,H200(Z200),4448,0.13268280816943376,3.359779130888828
scene0000_00,H200(Z200),4481,0.17631791013006348,1.9740543693169978
scene0000_00,H200(Z200),4504,0.19443384744952388,4.855587858697448
scene0000_00,H200(Z200),4537,0.17269904391809077,6.629500011998022
scene0000_00,H200(Z200),4559,0.24080784640438097,7.096640330975826
scene0000_00,H200(Z200),4593,0.06250934655476575,2.994628045376977
scene0000_00,H200(Z200),4615,0.21146177464204483,4.65760765978049
scene0000_00,H200(Z200),4649,0.21185538237800067,5.8101843472426555
scene0000_00,H200(Z200),4671,0.09491844379695756,11.236034449267887
scene0000_00,H200(Z200),4705,0.14028412089216286,17.805934945519
scene0000_00,H200(Z200),4727,0.23582470413180162,18.49791080997945
scene0000_00,H200(Z200),4761,0.2466016810563593,2.7221000491880107
scene0000_00,H200(Z200),4783,0.3424062633331655,20.715494266480327
scene0000_00,H200(Z200),4817,0.12794160977168664,14.719853654126318
scene0000_00,H200(Z200),4839,0.1534518997079981,2.349161383821756
scene0000_00,H200(Z200),4872,0.14087574481608708,5.271227510313814
scene0000_00,H200(Z200),4895,0.3254794561426747,5.492255090363155
scene0000_00,H200(Z200),4928,0.2930267212560697,3.9083940907589256
scene0000_00,H200(Z200),4951,0.41197626220841743,2.443097920871364
scene0000_00,H200(Z200),4984,0.4308379209496668,2.3361302898444642
scene0000_00,H200(Z200),5007,0.15606290091657254,4.8885739979471055
scene0000_00,H200(Z200),5040,0.09735756880139822,3.6145371990726205
scene0000_00,H200(Z200),5062,0.08575946903131976,4.147180630933646
scene0000_00,H200(Z200),5096,0.09625748136503653,2.9867770027195943
scene0000_00,H200(Z200),5118,0.11136314249154743,2.979778745535372
scene0000_00,H200(Z200),5152,0.08516423861973633,2.497494322874586
scene0000_00,H200(Z200),5174,0.14070401249402714,2.66627048619032
scene0000_00,H200(Z200),5208,0.13830160566846855,2.746182725444027
scene0000_00,H200(Z200),5230,0.10693513829169264,2.688921279285042
scene0000_00,H200(Z200),5264,0.1813537797584726,3.328905443395771
scene0000_00,H200(Z200),5286,0.20272443934671702,3.111864557996972
scene0000_00,H200(Z200),5319,0.2375913372796653,2.6343127648442746
scene0000_00,H200(Z200),5342,0.2509154588156123,3.0373451824849584
scene0000_00,H200(Z200),5375,0.2179581843877684,2.9227506549362183
scene0000_00,H200(Z200),5398,0.21304290542328555,3.2478971127880913
scene0000_00,H200(Z200),5431,0.22229404667967245,2.4044626880261495
scene0000_00,H200(Z200),5454,0.1960357019218867,2.207673994937574
scene0000_00,H200(Z200),5487,0.12931426426083484,2.711820946548641
scene0000_00,H200(Z200),5509,0.12463983177467626,2.8216086952522357
scene0000_00,H200(Z200),5543,0.08151272444192252,2.706431316337743
scene0000_00,H200(Z200),5577,0.04676324494361353,3.5634777075916344
scene0000_00,H200(Z500_shared),0,1.2719569902773908,26.28676990748164
scene0000_00,H200(Z500_shared),22,1.2869877008347614,27.582685335161006
scene0000_00,H200(Z500_shared),55,1.1902553775091338,27.426724509372498
scene0000_00,H200(Z500_shared),78,1.144674940187442,27.54707577311394
scene0000_00,H200(Z500_shared),111,1.1518720189862082,27.691051345909877
scene0000_00,H200(Z500_shared),134,1.2072233957159206,28.28926986197102
scene0000_00,H200(Z500_shared),167,1.2462940303071133,27.285030463162144
scene0000_00,H200(Z500_shared),189,1.2317756044920098,28.585810207678147
scene0000_00,H200(Z500_shared),223,1.2891896014903539,27.436288337950312
scene0000_00,H200(Z500_shared),245,1.4380439939265441,27.664853521828054
scene0000_00,H200(Z500_shared),279,1.6383763044663846,23.533798077080096
scene0000_00,H200(Z500_shared),301,1.6010889015779466,26.960631580300635
scene0000_00,H200(Z500_shared),335,1.249905267877936,29.60642500751216
scene0000_00,H200(Z500_shared),357,1.2251564138807691,28.584211816716163
scene0000_00,H200(Z500_shared),391,1.4329024654099998,30.580489731026752
scene0000_00,H200(Z500_shared),413,1.5916818282890615,27.224340901214706
scene0000_00,H200(Z500_shared),447,1.3639115520063005,28.850303897301394
scene0000_00,H200(Z500_shared),469,1.344371313177374,27.41507701312056
scene0000_00,H200(Z500_shared),502,1.4610903699205535,27.67394833526576
scene0000_00,H200(Z500_shared),525,1.2389439095893864,32.19914786605338
scene0000_00,H200(Z500_shared),558,1.1122089451034154,30.97996352809054
scene0000_00,H200(Z500_shared),581,1.0698364830824545,29.651542205351817
scene0000_00,H200(Z500_shared),614,1.094590123722667,27.074876477159208
scene0000_00,H200(Z500_shared),637,1.2221222841821777,29.104129303421253
scene0000_00,H200(Z500_shared),670,1.206268985486319,33.40887112865531
scene0000_00,H200(Z500_shared),692,1.0395831469928676,30.328118834296163
scene0000_00,H200(Z500_shared),726,0.9165034390276813,31.66920206061569
scene0000_00,H200(Z500_shared),748,0.8458825012456516,30.343682900624984
scene0000_00,H200(Z500_shared),782,0.9013359588877625,31.00043911459198
scene0000_00,H200(Z500_shared),804,0.8374398530022954,30.833090083633742
scene0000_00,H200(Z500_shared),838,0.6812728437555332,34.56266340350802
scene0000_00,H200(Z500_shared),860,0.6817020045911165,33.06156090414291
scene0000_00,H200(Z500_shared),894,0.8755071996298365,40.74376726654822
scene0000_00,H200(Z500_shared),916,0.9756394045239305,37.696825239163175
scene0000_00,H200(Z500_shared),949,1.2915899541485123,37.28297526368772
scene0000_00,H200(Z500_shared),972,1.3899294927719013,40.00175458261418
scene0000_00,H200(Z500_shared),1005,1.1552625296057566,36.801935174063814
scene0000_00,H200(Z500_shared),1028,1.069145157253443,40.16240339544234
scene0000_00,H200(Z500_shared),1061,0.7599883624207056,41.35084230369758
scene0000_00,H200(Z500_shared),1084,0.8904708196422308,37.6323425649371
scene0000_00,H200(Z500_shared),1117,0.6021892327644861,43.42817161178093
scene0000_00,H200(Z500_shared),1139,0.5097760305642949,30.68297957836509
scene0000_00,H200(Z500_shared),1173,0.2300626589967325,33.77199460109252
scene0000_00,H200(Z500_shared),1195,0.6051816309503384,34.278557638104346
scene0000_00,H200(Z500_shared),1229,0.5462366221448838,40.26045653559148
scene0000_00,H200(Z500_shared),1251,0.6359300329357349,43.52620350019126
scene0000_00,H200(Z500_shared),1285,0.32393621061912675,69.3952582642363
scene0000_00,H200(Z500_shared),1307,0.044268850483631585,82.09519094329269
scene0000_00,H200(Z500_shared),1341,0.440722865480129,30.212631656406298
scene0000_00,H200(Z500_shared),1363,1.6296754681519197,7.777312012121179
scene0000_00,H200(Z500_shared),1397,1.5474828132835963,44.31976900169246
scene0000_00,H200(Z500_shared),1419,3.3506046105433085,83.34179253258115
scene0000_00,H200(Z500_shared),1452,2.635419646483436,47.88558904518365
scene0000_00,H200(Z500_shared),1475,2.099914795621195,59.75397141578453
scene0000_00,H200(Z500_shared),1508,1.9165926523601977,41.889881206053225
scene0000_00,H200(Z500_shared),1531,3.0152222362785106,54.302284554462574
scene0000_00,H200(Z500_shared),1564,3.1972492618565216,75.48710872990148
scene0000_00,H200(Z500_shared),1587,2.5013352682413474,147.04435682440973
scene0000_00,H200(Z500_shared),1620,2.2565932013842116,44.368245667762096
scene0000_00,H200(Z500_shared),1642,2.0816064802734147,23.201535948929603
scene0000_00,H200(Z500_shared),1676,1.4667679931011848,34.44140894750144
scene0000_00,H200(Z500_shared),1698,1.4929010087289245,48.50723617738065
scene0000_00,H200(Z500_shared),1732,1.5376040390186512,50.698133503540866
scene0000_00,H200(Z500_shared),1754,1.5486473392658218,46.41670611563397
scene0000_00,H200(Z500_shared),1788,1.6391040606520804,41.83410215015481
scene0000_00,H200(Z500_shared),1810,1.4603397776946465,40.950304559730284
scene0000_00,H200(Z500_shared),1844,1.5142182602679854,42.65337464560776
scene0000_00,H200(Z500_shared),1877,0.9719892438921605,20.336096803001492
scene0000_00,H200(Z500_shared),1899,0.2334203953148405,4.682669259448172
scene0000_00,H200(Z500_shared),1933,0.7319262270057089,16.280312619435936
scene0000_00,H200(Z500_shared),1955,0.8918214473309782,16.40643319172276
scene0000_00,H200(Z500_shared),1989,1.2019572622679155,21.49987825208357
scene0000_00,H200(Z500_shared),2011,1.2457435533011356,23.746304021380677
scene0000_00,H200(Z500_shared),2045,1.2629471145074405,25.475022011733614
scene0000_00,H200(Z500_shared),2067,1.2702936268079412,26.600225480714073
scene0000_00,H200(Z500_shared),2101,1.1724000964114438,26.873153083598975
scene0000_00,H200(Z500_shared),2123,1.1010656684835602,25.932433424766256
scene0000_00,H200(Z500_shared),2157,1.082628322847931,25.496436878405643
scene0000_00,H200(Z500_shared),2179,1.02716648270673,26.456123619946183
scene0000_00,H200(Z500_shared),2212,1.0231758005102074,27.709446431322345
scene0000_00,H200(Z500_shared),2235,0.9914987729885811,29.70110317232276
scene0000_00,H200(Z500_shared),2268,1.059495904372038,29.087598415055112
scene0000_00,H200(Z500_shared),2291,1.1493278156726099,27.05459564852429
scene0000_00,H200(Z500_shared),2324,1.299821940802585,25.324954104270585
scene0000_00,H200(Z500_shared),2347,1.2140818845591732,24.97418488868071
scene0000_00,H200(Z500_shared),2380,1.347279104031426,25.512467179211384
scene0000_00,H200(Z500_shared),2402,1.2773288908284215,25.448885061989444
scene0000_00,H200(Z500_shared),2436,1.2946979594995986,23.11346437897864
scene0000_00,H200(Z500_shared),2458,1.261261904018908,24.19890847659864
scene0000_00,H200(Z500_shared),2492,1.1374764147060126,27.234563758431477
scene0000_00,H200(Z500_shared),2514,1.0309819941170235,28.0014731473559
scene0000_00,H200(Z500_shared),2548,0.9805959056616006,21.92331248073228
scene0000_00,H200(Z500_shared),2570,0.9643960108914527,20.38880853330041
scene0000_00,H200(Z500_shared),2604,1.005243448369537,21.265878991892347
scene0000_00,H200(Z500_shared),2626,1.0279086704504028,21.44845726363814
scene0000_00,H200(Z500_shared),2659,1.005403796368892,15.277560499603593
scene0000_00,H200(Z500_shared),2682,0.9911029209604929,14.495430227342407
scene0000_00,H200(Z500_shared),2715,0.9597139765256871,15.195181340118262
scene0000_00,H200(Z500_shared),2738,0.9063095993342177,14.168740386888691
scene0000_00,H200(Z500_shared),2771,0.8124304077107847,10.855878149090477
scene0000_00,H200(Z500_shared),2794,0.4985511287182974,2.793531161962409
scene0000_00,H200(Z500_shared),2827,0.46573465505669887,2.3060989134398304
scene0000_00,H200(Z500_shared),2849,0.47465631146252074,1.5613717227155415
scene0000_00,H200(Z500_shared),2883,0.5069478768667846,5.46668033980562
scene0000_00,H200(Z500_shared),2905,0.21832395192732246,10.478731525204836
scene0000_00,H200(Z500_shared),2939,0.5264594710774868,17.124444524680538
scene0000_00,H200(Z500_shared),2961,0.5415025215986504,21.659007010554426
scene0000_00,H200(Z500_shared),2995,0.9051251034248736,2.212036329606934
scene0000_00,H200(Z500_shared),3017,0.9245020420004244,30.280356723895608
scene0000_00,H200(Z500_shared),3051,0.6412903436527059,31.919570731611298
scene0000_00,H200(Z500_shared),3073,0.7742374941058741,29.946712855406894
scene0000_00,H200(Z500_shared),3107,0.7635510018465564,30.147382840042873
scene0000_00,H200(Z500_shared),3129,0.7520272899075279,16.60166396451303
scene0000_00,H200(Z500_shared),3162,0.5459669001134777,5.734048577148479
scene0000_00,H200(Z500_shared),3185,0.4985671826989888,7.293229030205299
scene0000_00,H200(Z500_shared),3218,0.7635818632285802,31.806582488208264
scene0000_00,H200(Z500_shared),3241,0.5055657543990422,29.906027336415086
scene0000_00,H200(Z500_shared),3274,0.45468063483501986,28.437059305169
scene0000_00,H200(Z500_shared),3297,0.36043350402723223,28.418068276550674
scene0000_00,H200(Z500_shared),3330,0.3726060361112194,28.124122757255783
scene0000_00,H200(Z500_shared),3352,0.4959422555237061,26.977790363821597
scene0000_00,H200(Z500_shared),3386,0.729844336286493,27.881036071570794
scene0000_00,H200(Z500_shared),3408,0.8110169272693861,28.94290287657899
scene0000_00,H200(Z500_shared),3442,0.8789867192677195,31.821396475085603
scene0000_00,H200(Z500_shared),3464,1.0606498532292106,30.834701518406817
scene0000_00,H200(Z500_shared),3498,1.1445170745598614,31.050873493755397
scene0000_00,H200(Z500_shared),3520,1.0856980112495807,37.994814758240956
scene0000_00,H200(Z500_shared),3554,0.8357950491223394,39.53216084153531
scene0000_00,H200(Z500_shared),3576,0.530875481315556,36.00120336179989
scene0000_00,H200(Z500_shared),3609,0.4451275168566573,44.088007897811835
scene0000_00,H200(Z500_shared),3632,0.13594675900903488,54.18284416141396
scene0000_00,H200(Z500_shared),3665,0.21789003099145285,69.42409079098273
scene0000_00,H200(Z500_shared),3688,0.28714654790091565,59.05974412623031
scene0000_00,H200(Z500_shared),3721,0.873202236079998,52.89804600314013
scene0000_00,H200(Z500_shared),3755,1.3563182626734274,57.81870295909322
scene0000_00,H200(Z500_shared),3777,1.701787213624997,74.81583259929059
scene0000_00,H200(Z500_shared),3811,0.7577274595671237,91.02419450603695
scene0000_00,H200(Z500_shared),3833,2.565385263704269,22.992690399968506
scene0000_00,H200(Z500_shared),3867,2.4164167559562104,52.35245420869491
scene0000_00,H200(Z500_shared),3889,2.2962869255335203,79.27455321665371
scene0000_00,H200(Z500_shared),3922,1.6700397786619718,103.06524089672568
scene0000_00,H200(Z500_shared),3945,1.8611177629866096,136.5011032364899
scene0000_00,H200(Z500_shared),3978,1.9052111553453879,141.93446515646662
scene0000_00,H200(Z500_shared),4001,1.690710909605679,143.14372750484043
scene0000_00,H200(Z500_shared),4034,1.587978372527444,139.91712472183164
scene0000_00,H200(Z500_shared),4057,2.7070423480251278,65.24962958825445
scene0000_00,H200(Z500_shared),4090,2.4437761665957902,56.99490261166217
scene0000_00,H200(Z500_shared),4112,2.0453544431089097,42.368840195700976
scene0000_00,H200(Z500_shared),4146,1.2644137051935216,46.6604382266938
scene0000_00,H200(Z500_shared),4168,0.6878282859731066,59.34662552180978
scene0000_00,H200(Z500_shared),4202,0.06581388362476169,41.73060056711951
scene0000_00,H200(Z500_shared),4224,1.4377450144976107,4.652577965542484
scene0000_00,H200(Z500_shared),4258,2.2051841732322113,34.3505819411852
scene0000_00,H200(Z500_shared),4280,1.5844046737404647,39.1265214279273
scene0000_00,H200(Z500_shared),4314,1.4232610023887926,47.283982563622935
scene0000_00,H200(Z500_shared),4336,1.363403009622547,45.50134104395541
scene0000_00,H200(Z500_shared),4369,1.3444600400909246,42.57522385346178
scene0000_00,H200(Z500_shared),4392,1.5930054543468508,37.07664040260931
scene0000_00,H200(Z500_shared),4425,1.3984561845093535,39.00534846741829
scene0000_00,H200(Z500_shared),4448,1.5614929872292582,38.3181730749337
scene0000_00,H200(Z500_shared),4481,1.5424573987606531,36.10748184792785
scene0000_00,H200(Z500_shared),4504,1.861461164387752,26.970481543078964
scene0000_00,H200(Z500_shared),4537,1.9834727144093054,43.13424206419205
scene0000_00,H200(Z500_shared),4559,2.1815528905404022,30.165432527497877
scene0000_00,H200(Z500_shared),4593,1.9265727727449158,42.368344351186344
scene0000_00,H200(Z500_shared),4615,1.886710097856428,43.20965198286583
scene0000_00,H200(Z500_shared),4649,1.8487425560947892,46.42163945663133
scene0000_00,H200(Z500_shared),4671,1.6647853532338004,45.96558413384
scene0000_00,H200(Z500_shared),4705,2.7461155068395957,21.09690307341536
scene0000_00,H200(Z500_shared),4727,2.9730166252364563,99.73811514377681
scene0000_00,H200(Z500_shared),4761,2.9978340755030315,96.9884258277485
scene0000_00,H200(Z500_shared),4783,2.7482922696491947,107.30966536647954
scene0000_00,H200(Z500_shared),4817,2.698987278776046,11.250509676971836
scene0000_00,H200(Z500_shared),4839,2.0108264925882597,56.65407785581093
scene0000_00,H200(Z500_shared),4872,1.81599090780562,25.606703372273756
scene0000_00,H200(Z500_shared),4895,1.7758220106733795,16.588354899692693
scene0000_00,H200(Z500_shared),4928,1.4984736402331427,17.151475692261446
scene0000_00,H200(Z500_shared),4951,1.562721265983571,21.697852686870384
scene0000_00,H200(Z500_shared),4984,1.4531324069002547,16.380971545771505
scene0000_00,H200(Z500_shared),5007,1.2461193488674482,14.772489231664013
scene0000_00,H200(Z500_shared),5040,1.3153782199910071,20.340038043699934
scene0000_00,H200(Z500_shared),5062,1.55633377864211,30.71379235432959
scene0000_00,H200(Z500_shared),5096,0.6961496921015194,7.12502734762526
scene0000_00,H200(Z500_shared),5118,0.5813290840555068,4.1765850053447915
scene0000_00,H200(Z500_shared),5152,0.7297396756623927,6.578176893368165
scene0000_00,H200(Z500_shared),5174,0.3198628384119479,11.110353527857562
scene0000_00,H200(Z500_shared),5208,0.5221063502364387,6.993641128448584
scene0000_00,H200(Z500_shared),5230,0.3955295966709226,6.527473060816796
scene0000_00,H200(Z500_shared),5264,0.9439882394525961,19.48020296856996
scene0000_00,H200(Z500_shared),5286,1.0826243284321215,22.25170723980702
scene0000_00,H200(Z500_shared),5319,0.9235337969660763,20.71515035042339
scene0000_00,H200(Z500_shared),5342,0.7858252437266865,18.80332225679757
scene0000_00,H200(Z500_shared),5375,0.9217236183043686,19.96215962081087
scene0000_00,H200(Z500_shared),5398,1.1151663632373996,24.62835825867168
scene0000_00,H200(Z500_shared),5431,0.984827288687505,25.983627258388637
scene0000_00,H200(Z500_shared),5454,0.9017634844884074,25.56367344818773
scene0000_00,H200(Z500_shared),5487,0.8988652762170052,26.073925815070734
scene0000_00,H200(Z500_shared),5509,1.0718953032670282,27.326790437235626
scene0000_00,H200(Z500_shared),5543,1.1273949139720056,27.120337854217482
scene0000_00,H200(Z500_shared),5577,1.1546092178791567,29.068180816774245
scene0000_00,H500(Z500),0,1.2541832890366615,25.893449749154406
scene0000_00,H500(Z500),11,1.2742625124406084,26.9429207720879
scene0000_00,H500(Z500),22,1.2595630946026473,27.31259962305952
scene0000_00,H500(Z500),33,1.2047850137352172,27.187847306830026
scene0000_00,H500(Z500),44,1.1837328390148516,26.63768725827367
scene0000_00,H500(Z500),55,1.1683138412273641,27.00741092579593
scene0000_00,H500(Z500),67,1.133103544719286,26.92031370134338
scene0000_00,H500(Z500),78,1.1216927798010092,27.144406733432174
scene0000_00,H500(Z500),89,1.0905182309892325,26.54826172564265
scene0000_00,H500(Z500),100,1.093606813266425,26.633347786818725
scene0000_00,H500(Z500),111,1.1324164784470812,27.2976961525143
scene0000_00,H500(Z500),122,1.155390751275049,27.874077991623103
scene0000_00,H500(Z500),134,1.1872408857590229,27.913911732549128
scene0000_00,H500(Z500),145,1.1851095243214282,29.194927974107117
scene0000_00,H500(Z500),156,1.2353380592281924,28.243391764431333
scene0000_00,H500(Z500),167,1.2113654308678268,26.809948133504932
scene0000_00,H500(Z500),178,1.2041996258291248,27.49663698920058
scene0000_00,H500(Z500),189,1.207782475019265,28.18804498721426
scene0000_00,H500(Z500),201,1.2181882503869008,28.1350307348282
scene0000_00,H500(Z500),212,1.205650356403256,28.517380901844046
scene0000_00,H500(Z500),223,1.267377296259079,27.022366247414805
scene0000_00,H500(Z500),234,1.3048883998574694,27.39509055763553
scene0000_00,H500(Z500),245,1.4166563674417167,27.23672037544856
scene0000_00,H500(Z500),257,1.4709246734542578,25.620074187403873
scene0000_00,H500(Z500),268,1.5798327558555296,24.855435587982154
scene0000_00,H500(Z500),279,1.6123064125610744,23.090182045430247
scene0000_00,H500(Z500),290,1.5914234518391217,25.706927146163576
scene0000_00,H500(Z500),301,1.5782006467775176,26.53959098188449
scene0000_00,H500(Z500),312,1.4217769297165608,28.469373127567074
scene0000_00,H500(Z500),324,1.3203824285667147,27.97561351256719
scene0000_00,H500(Z500),335,1.2290010558697582,29.22897541951719
scene0000_00,H500(Z500),346,1.165454828609527,29.916251413505353
scene0000_00,H500(Z500),357,1.2010462089049125,28.248773107055307
scene0000_00,H500(Z500),368,1.268761469218773,28.56285798973712
scene0000_00,H500(Z500),379,1.2980408129036334,30.42223473131132
scene0000_00,H500(Z500),391,1.399567004683286,30.308508330854206
scene0000_00,H500(Z500),402,1.4388340647032816,29.718448244107158
scene0000_00,H500(Z500),413,1.559500983436681,26.95514291984889
scene0000_00,H500(Z500),424,1.5165588004505037,25.53406300264067
scene0000_00,H500(Z500),435,1.412754590973187,27.764870891234807
scene0000_00,H500(Z500),447,1.331849402132002,28.5315242914974
scene0000_00,H500(Z500),458,1.2972168075968364,27.702679519767543
scene0000_00,H500(Z500),469,1.3108487190867453,27.17246591455334
scene0000_00,H500(Z500),480,1.303250960133692,29.910329926345888
scene0000_00,H500(Z500),491,1.3628160760803723,30.189690267048398
scene0000_00,H500(Z500),502,1.431828055673212,27.394965880149723
scene0000_00,H500(Z500),514,1.3600674483150592,30.878329536701862
scene0000_00,H500(Z500),525,1.213697817813809,31.896711320325423
scene0000_00,H500(Z500),536,1.1885569234789763,30.120553355602222
scene0000_00,H500(Z500),547,1.1259069627155494,30.443780181171046
scene0000_00,H500(Z500),558,1.0911851419016279,30.62287910701828
scene0000_00,H500(Z500),569,1.0337003651006527,31.604706965616117
scene0000_00,H500(Z500),581,1.0531345530961598,29.300028727657196
scene0000_00,H500(Z500),592,0.9357833412813452,31.543657075345298
scene0000_00,H500(Z500),603,0.9983164406462588,28.792277181382172
scene0000_00,H500(Z500),614,1.0799189094564527,26.72905400468665
scene0000_00,H500(Z500),625,1.1130833195577436,28.228095730210644
scene0000_00,H500(Z500),637,1.20444573602446,28.78237773953381
scene0000_00,H500(Z500),648,1.1706297113132735,36.682081866791506
scene0000_00,H500(Z500),659,1.0440963754658137,40.558060123856436
scene0000_00,H500(Z500),670,1.1838176863771948,33.11747182734346
scene0000_00,H500(Z500),681,1.2391117905016817,28.4187765764966
scene0000_00,H500(Z500),692,1.0179934336975174,30.027445475171557
scene0000_00,H500(Z500),704,0.9692651912883246,33.02116720573969
scene0000_00,H500(Z500),715,0.96831998147298,31.32044162609081
scene0000_00,H500(Z500),726,0.9033513211510326,31.35065425574265
scene0000_00,H500(Z500),737,0.7857079007082287,34.653891398444316
scene0000_00,H500(Z500),748,0.8321996571877969,30.016828746136746
scene0000_00,H500(Z500),759,0.8721456418531426,27.88764738426705
scene0000_00,H500(Z500),771,0.8892580175192722,31.040581967873155
scene0000_00,H500(Z500),782,0.885702649100265,30.67373818609355
scene0000_00,H500(Z500),793,0.8714539522447394,30.642675950806716
scene0000_00,H500(Z500),804,0.8240731951014046,30.508141565090767
scene0000_00,H500(Z500),815,0.890298565433441,28.803868894843102
scene0000_00,H500(Z500),827,0.8304631072846408,35.19086263246493
scene0000_00,H500(Z500),838,0.6683534856239778,34.25509325025636
scene0000_00,H500(Z500),849,0.678059427466406,32.238739969484804
scene0000_00,H500(Z500),860,0.6663351071315671,32.77174437373952
scene0000_00,H500(Z500),871,0.7743459008022016,33.82150123421662
scene0000_00,H500(Z500),882,0.8488831148126164,36.85890915185145
scene0000_00,H500(Z500),894,0.8619510436978245,40.446544951706585
scene0000_00,H500(Z500),905,0.9772773358141811,37.84737768628594
scene0000_00,H500(Z500),916,0.9635066389747986,37.392825394347014
scene0000_00,H500(Z500),927,1.008244432699979,35.14257353115288
scene0000_00,H500(Z500),938,1.01896022677307,34.67539411549661
scene0000_00,H500(Z500),949,1.2804230057346158,36.90811737032909
scene0000_00,H500(Z500),961,1.3462463220771421,36.86905578362555
scene0000_00,H500(Z500),972,1.3742232260451512,39.621701376235585
scene0000_00,H500(Z500),983,1.205076342338727,36.9550015056088
scene0000_00,H500(Z500),994,1.2835187275140107,40.21075023950493
scene0000_00,H500(Z500),1005,1.1406233766081577,36.41959016958714
scene0000_00,H500(Z500),1017,1.122695386810991,39.779981018624234
scene0000_00,H500(Z500),1028,1.059371716491216,39.802985229737466
scene0000_00,H500(Z500),1039,0.9657046951613998,35.90184186509037
scene0000_00,H500(Z500),1050,0.9114524401713978,37.90843787275243
scene0000_00,H500(Z500),1061,0.7479976583426491,41.07919593020618
scene0000_00,H500(Z500),1072,0.7212637564880717,39.556847311441544
scene0000_00,H500(Z500),1084,0.8792882857441134,37.42221383891745
scene0000_00,H500(Z500),1095,0.602978532263414,40.127984059749664
scene0000_00,H500(Z500),1106,0.4832467339063874,43.520131564773756
scene0000_00,H500(Z500),1117,0.5872636714618861,43.26811616878757
scene0000_00,H500(Z500),1128,0.6898919498134272,42.245357397257784
scene0000_00,H500(Z500),1139,0.49877958541159767,30.49540544935157
scene0000_00,H500(Z500),1151,0.28182950407738916,40.93053487868176
scene0000_00,H500(Z500),1162,0.3476514793816986,31.05612193803143
scene0000_00,H500(Z500),1173,0.2141148796084431,33.72794772402656
scene0000_00,H500(Z500),1184,0.11771563788764061,37.54795009167122
scene0000_00,H500(Z500),1195,0.5926746734425918,34.188336121469156
scene0000_00,H500(Z500),1207,0.6553984118126853,34.072247470145854
scene0000_00,H500(Z500),1218,0.5009968423807627,30.57527154814701
scene0000_00,H500(Z500),1229,0.530378829762275,40.16993750569041
scene0000_00,H500(Z500),1240,0.5402893674073745,44.52175559288396
scene0000_00,H500(Z500),1251,0.6206140993996118,43.39807126409093
scene0000_00,H500(Z500),1262,0.5762312181770094,72.50386296662145
scene0000_00,H500(Z500),1274,0.4237239605278565,75.92257979277893
scene0000_00,H500(Z500),1285,0.3117853888059648,69.46074768775054
scene0000_00,H500(Z500),1296,0.11970322991085125,72.55602987793999
scene0000_00,H500(Z500),1307,0.05098162831674771,82.23763367659832
scene0000_00,H500(Z500),1318,0.3010852116590483,37.77819662133297
scene0000_00,H500(Z500),1329,0.6418086171924707,30.149183060007125
scene0000_00,H500(Z500),1341,0.4575657475428723,30.353040644813294
scene0000_00,H500(Z500),1352,1.2681629922237483,25.66637672838951
scene0000_00,H500(Z500),1363,1.6798614378182362,7.95640442697723
scene0000_00,H500(Z500),1374,1.490772389512712,41.08081898352778
scene0000_00,H500(Z500),1385,1.4071343037119963,57.654709516433634
scene0000_00,H500(Z500),1397,1.5881069590427173,43.772076732715725
scene0000_00,H500(Z500),1408,3.1184532431770307,66.6899606160535
scene0000_00,H500(Z500),1419,3.4399256178608772,84.13376413957404
scene0000_00,H500(Z500),1430,3.397997940556557,126.09382655127993
scene0000_00,H500(Z500),1441,2.1912147423051187,44.712439863411575
scene0000_00,H500(Z500),1452,2.706154340550851,47.52483826772883
scene0000_00,H500(Z500),1464,1.9888365345715784,54.92682784858987
scene0000_00,H500(Z500),1475,2.1417157292509392,59.40626633205313
scene0000_00,H500(Z500),1486,1.8876651835904215,64.86925177500312
scene0000_00,H500(Z500),1497,1.8499084622298556,57.89705071626276
scene0000_00,H500(Z500),1508,1.9458914953695707,41.41728759793776
scene0000_00,H500(Z500),1519,3.4409512449134114,75.73181412324081
scene0000_00,H500(Z500),1531,3.100756979145253,54.52841893762847
scene0000_00,H500(Z500),1542,3.342444219006994,76.41800245993902
scene0000_00,H500(Z500),1553,2.541283134599022,43.41226634618748
scene0000_00,H500(Z500),1564,3.2542246553261545,77.97118400746471
scene0000_00,H500(Z500),1575,1.173777417262397,168.7558987431507
scene0000_00,H500(Z500),1587,2.4594267344295164,150.49950196833285
scene0000_00,H500(Z500),1598,2.924456169255096,99.04136249867868
scene0000_00,H500(Z500),1609,2.0090660818702935,36.60041331025887
scene0000_00,H500(Z500),1620,2.29602326431118,44.37443240203413
scene0000_00,H500(Z500),1631,2.3215744652528945,46.24822504033811
scene0000_00,H500(Z500),1642,2.111010592605005,22.7160777728219
scene0000_00,H500(Z500),1654,2.9693839943358404,93.57965983411361
scene0000_00,H500(Z500),1665,1.3284422318788345,178.17774362213717
scene0000_00,H500(Z500),1676,1.4938769371949159,34.083870363469195
scene0000_00,H500(Z500),1687,1.3846603717671573,46.9948183992779
scene0000_00,H500(Z500),1698,1.5075295402137754,48.69076254347936
scene0000_00,H500(Z500),1709,1.61394738794371,45.997463743584
scene0000_00,H500(Z500),1721,1.5944595474052914,48.7545721554917
scene0000_00,H500(Z500),1732,1.5525627555242334,50.92387781428608
scene0000_00,H500(Z500),1743,1.582558977310712,44.91055051444926
scene0000_00,H500(Z500),1754,1.566200057735891,46.537681234302894
scene0000_00,H500(Z500),1765,1.6875066466807096,45.014224895354836
scene0000_00,H500(Z500),1777,1.8547613144516635,42.593074009410316
scene0000_00,H500(Z500),1788,1.657049051463554,41.82172596757274
scene0000_00,H500(Z500),1799,1.571557806225354,38.55873374152799
scene0000_00,H500(Z500),1810,1.4691750614863446,41.0162060461886
scene0000_00,H500(Z500),1821,1.5613874024759233,46.126357486960465
scene0000_00,H500(Z500),1832,1.4507692914321253,43.101709360375345
scene0000_00,H500(Z500),1844,1.5300553951213463,42.719704603212314
scene0000_00,H500(Z500),1855,1.2547503300179506,28.838673105372063
scene0000_00,H500(Z500),1866,1.0458246107561056,20.076770778849532
scene0000_00,H500(Z500),1877,0.9909207273959297,20.419678648698817
scene0000_00,H500(Z500),1888,0.3130830482653264,6.603231428304708
scene0000_00,H500(Z500),1899,0.1846094717668408,4.026756257139124
scene0000_00,H500(Z500),1911,0.4406410799736907,12.721118853018163
scene0000_00,H500(Z500),1922,0.7605721225521734,14.505420398608821
scene0000_00,H500(Z500),1933,0.7007229001010319,15.584560254037232
scene0000_00,H500(Z500),1944,0.7049394478173946,14.60422225900105
scene0000_00,H500(Z500),1955,0.8649018775757785,15.711471112995177
scene0000_00,H500(Z500),1967,0.9182202839206652,17.580734249316457
scene0000_00,H500(Z500),1978,1.1030741431624063,20.038862890140276
scene0000_00,H500(Z500),1989,1.1769370908910401,20.830263856964084
scene0000_00,H500(Z500),2000,1.177428345558847,21.322045984805534
scene0000_00,H500(Z500),2011,1.2252770787042073,23.102416785072506
scene0000_00,H500(Z500),2022,1.1484536818484636,21.659703511334232
scene0000_00,H500(Z500),2034,1.237975026245721,24.29779140550818
scene0000_00,H500(Z500),2045,1.2419784466335244,24.86313726287222
scene0000_00,H500(Z500),2056,1.288643722955086,25.889934023985756
scene0000_00,H500(Z500),2067,1.2507381404888671,26.04266497924713
scene0000_00,H500(Z500),2078,1.1796958856518542,25.980420426454366
scene0000_00,H500(Z500),2089,1.1488053670676914,25.943443672215423
scene0000_00,H500(Z500),2101,1.1578512712329483,26.389860845313105
scene0000_00,H500(Z500),2112,1.0921612836301549,24.352747092350324
scene0000_00,H500(Z500),2123,1.0804236975211279,25.435044700547103
scene0000_00,H500(Z500),2134,1.0553401351057523,24.692771688241972
scene0000_00,H500(Z500),2145,1.038274168084031,25.358105763266774
scene0000_00,H500(Z500),2157,1.06155037426407,25.01131465768047
scene0000_00,H500(Z500),2168,1.0402512068226484,25.277118869251023
scene0000_00,H500(Z500),2179,1.0107885999305073,26.020079502109184
scene0000_00,H500(Z500),2190,1.0134038165773305,25.950398307121077
scene0000_00,H500(Z500),2201,1.0172769250919327,26.53839063888879
scene0000_00,H500(Z500),2212,1.0045252105174605,27.31160058278062
scene0000_00,H500(Z500),2224,0.9174835455604147,30.991243212651895
scene0000_00,H500(Z500),2235,0.9730576110660666,29.339986293242518
scene0000_00,H500(Z500),2246,1.0221222092474016,29.380065058435594
scene0000_00,H500(Z500),2257,1.0599065105504555,28.78497404897443
scene0000_00,H500(Z500),2268,1.04092704308239,28.70174849411101
scene0000_00,H500(Z500),2279,1.1082919555846875,26.066075135269443
scene0000_00,H500(Z500),2291,1.1305712202490634,26.643814765617797
scene0000_00,H500(Z500),2302,1.2006850268937161,26.132603967974276
scene0000_00,H500(Z500),2313,1.1753838448163172,26.095580263837924
scene0000_00,H500(Z500),2324,1.2711461409833131,24.81929259422627
scene0000_00,H500(Z500),2335,1.224706293653357,24.478034432201802
scene0000_00,H500(Z500),2347,1.189785518970512,24.49678114936721
scene0000_00,H500(Z500),2358,1.2551425935053484,23.91095234182811
scene0000_00,H500(Z500),2369,1.284788657284532,23.72484889439653
scene0000_00,H500(Z500),2380,1.3244831542192421,25.02734639143453
scene0000_00,H500(Z500),2391,1.3132800086503014,25.36561279264449
scene0000_00,H500(Z500),2402,1.2558204438631602,24.980073851825725
scene0000_00,H500(Z500),2414,1.1839355969557286,23.231436699810715
scene0000_00,H500(Z500),2425,1.2333552407974027,23.123890533347044
scene0000_00,H500(Z500),2436,1.2703445899191712,22.54807518192857
scene0000_00,H500(Z500),2447,1.2564195027222866,22.47116129979774
scene0000_00,H500(Z500),2458,1.2372802900196143,23.614985632403467
scene0000_00,H500(Z500),2469,1.1916728781344954,23.371269019200646
scene0000_00,H500(Z500),2481,1.1676344161967747,25.117816676591303
scene0000_00,H500(Z500),2492,1.1161934082141867,26.658941352625366
scene0000_00,H500(Z500),2503,1.0626194780958438,27.593464949496227
scene0000_00,H500(Z500),2514,1.0161341582163652,27.453425183606658
scene0000_00,H500(Z500),2525,0.9990467910376061,23.81292466817926
scene0000_00,H500(Z500),2537,0.9260428072711708,21.254207249871193
scene0000_00,H500(Z500),2548,0.9647479050369582,21.27869978072942
scene0000_00,H500(Z500),2559,1.0401219336564722,22.927162243006773
scene0000_00,H500(Z500),2570,0.9492680082408561,19.699888540073974
scene0000_00,H500(Z500),2581,0.9769615294905143,21.348196960900218
scene0000_00,H500(Z500),2592,0.9870586356577965,21.203899572751467
scene0000_00,H500(Z500),2604,0.9830460999887428,20.64747124178203
scene0000_00,H500(Z500),2615,0.9719324648653243,21.81668084986809
scene0000_00,H500(Z500),2626,1.0033172540434,20.843661798144307
scene0000_00,H500(Z500),2637,1.092918199875003,19.307612856252202
scene0000_00,H500(Z500),2648,0.9056590510655772,14.691609607112397
scene0000_00,H500(Z500),2659,0.9859943998831661,14.752382038904532
scene0000_00,H500(Z500),2671,0.8664189984958686,10.217180945876722
scene0000_00,H500(Z500),2682,0.9756954967300874,13.93678626580063
scene0000_00,H500(Z500),2693,1.0052102800563736,13.150401354131432
scene0000_00,H500(Z500),2704,1.0281555986985378,14.595077941930692
scene0000_00,H500(Z500),2715,0.940236791316427,14.709022808927747
scene0000_00,H500(Z500),2727,1.013259170038462,14.968708009517773
scene0000_00,H500(Z500),2738,0.8878272789703868,13.68864377727475
scene0000_00,H500(Z500),2749,0.809683243053153,13.186912526671946
scene0000_00,H500(Z500),2760,0.7535599211601579,12.139753151140333
scene0000_00,H500(Z500),2771,0.7977198480317136,10.408780405435104
scene0000_00,H500(Z500),2782,0.7639882755863658,10.018210240335542
scene0000_00,H500(Z500),2794,0.49832919208179227,3.1176292533469
scene0000_00,H500(Z500),2805,0.3140096112075779,8.16639298090753
scene0000_00,H500(Z500),2816,0.22288068082019225,4.7838691212297135
scene0000_00,H500(Z500),2827,0.4608905418159683,2.4452832243075124
scene0000_00,H500(Z500),2838,0.5630722069324429,4.042728931534131
scene0000_00,H500(Z500),2849,0.4704758707859466,1.2807540605831107
scene0000_00,H500(Z500),2861,0.4526335499160367,5.708716756998507
scene0000_00,H500(Z500),2872,0.43735516668057317,6.136734511082429
scene0000_00,H500(Z500),2883,0.4949479208549368,5.734895173980304
scene0000_00,H500(Z500),2894,0.35406232777246616,2.76569803775735
scene0000_00,H500(Z500),2905,0.20979487155599083,10.709190006179954
scene0000_00,H500(Z500),2917,0.3159363031574437,6.1693468584725455
scene0000_00,H500(Z500),2928,0.5156716614265663,17.07732462569184
scene0000_00,H500(Z500),2939,0.5223340450876113,17.393797536977072
scene0000_00,H500(Z500),2950,0.5271677883944748,25.629108385592314
scene0000_00,H500(Z500),2961,0.5397589363824761,21.945977638393618
scene0000_00,H500(Z500),2972,0.494008586478002,16.255246309260183
scene0000_00,H500(Z500),2984,0.5814166044704938,6.707286957158234
scene0000_00,H500(Z500),2995,0.8877312189392298,2.446302799024999
scene0000_00,H500(Z500),3006,0.919570449135307,20.982610290251536
scene0000_00,H500(Z500),3017,0.9141841561651212,30.00225368836093
scene0000_00,H500(Z500),3028,0.8039098498196818,32.204247935859364
scene0000_00,H500(Z500),3039,0.6419031962108361,30.74989172116765
scene0000_00,H500(Z500),3051,0.6288612485327502,31.59984940896811
scene0000_00,H500(Z500),3062,0.780071606327832,30.52735063470404
scene0000_00,H500(Z500),3073,0.7591555045126537,29.632785409517354
scene0000_00,H500(Z500),3084,0.6707989170471389,28.336628510173476
scene0000_00,H500(Z500),3095,0.6379453971081116,29.413474055245008
scene0000_00,H500(Z500),3107,0.748488386041887,29.845021706712025
scene0000_00,H500(Z500),3118,0.7129944891787742,16.886440677684057
scene0000_00,H500(Z500),3129,0.7301438726202844,16.294092642814153
scene0000_00,H500(Z500),3140,0.4388029454921168,4.852450489214449
scene0000_00,H500(Z500),3151,0.47308481511774986,6.832853584843503
scene0000_00,H500(Z500),3162,0.5203682593817553,6.064522801529889
scene0000_00,H500(Z500),3174,0.6697948082805775,11.83673306460176
scene0000_00,H500(Z500),3185,0.47752758542279805,7.669207219474833
scene0000_00,H500(Z500),3196,0.5825226414910031,10.688647314064855
scene0000_00,H500(Z500),3207,0.9972231337264352,17.994463408677788
scene0000_00,H500(Z500),3218,0.7509059889056631,31.496545282746595
scene0000_00,H500(Z500),3229,0.5628058597827206,28.003411869255366
scene0000_00,H500(Z500),3241,0.4950487901074626,29.560203446175667
scene0000_00,H500(Z500),3252,0.58851079322528,30.076875288892296
scene0000_00,H500(Z500),3263,0.4944679280227833,28.242091604360315
scene0000_00,H500(Z500),3274,0.44090008192212254,28.03807191076341
scene0000_00,H500(Z500),3285,0.350610969542367,28.13406764541491
scene0000_00,H500(Z500),3297,0.34550672252727005,27.990603348763145
scene0000_00,H500(Z500),3308,0.35772266992153057,27.894989340476677
scene0000_00,H500(Z500),3319,0.3706651407114101,27.508612680635046
scene0000_00,H500(Z500),3330,0.3613116421206892,27.652999966655347
scene0000_00,H500(Z500),3341,0.43584108597869897,26.491980657653635
scene0000_00,H500(Z500),3352,0.482203342420401,26.546982652162114
scene0000_00,H500(Z500),3364,0.581843675869633,26.11295486149772
scene0000_00,H500(Z500),3375,0.6663343306128375,26.68037628234552
scene0000_00,H500(Z500),3386,0.7117850226813038,27.495212008474677
scene0000_00,H500(Z500),3397,0.7576095318660953,28.220122743481124
scene0000_00,H500(Z500),3408,0.7901348474242228,28.581347231424374
scene0000_00,H500(Z500),3419,0.8364769093948117,28.528382844508528
scene0000_00,H500(Z500),3431,0.8368261316536658,30.003238986805343
scene0000_00,H500(Z500),3442,0.8558406756548076,31.47647778315504
scene0000_00,H500(Z500),3453,0.9455602589888229,30.66014307294778
scene0000_00,H500(Z500),3464,1.0357538840850762,30.51273789605706
scene0000_00,H500(Z500),3475,0.9872071267661858,32.669868750936764
scene0000_00,H500(Z500),3487,1.2093496755618482,25.64747625481266
scene0000_00,H500(Z500),3498,1.1211705181556484,30.759784299359524
scene0000_00,H500(Z500),3509,1.1262093112797393,33.712951022270644
scene0000_00,H500(Z500),3520,1.0715770561159896,37.73626183182539
scene0000_00,H500(Z500),3531,1.0287286999278615,34.51286949362386
scene0000_00,H500(Z500),3542,0.9596725669754617,37.77262333374368
scene0000_00,H500(Z500),3554,0.8213366633617986,39.326954966140406
scene0000_00,H500(Z500),3565,0.5466869524599813,36.640372995820044
scene0000_00,H500(Z500),3576,0.5137699705949259,35.752573899388224
scene0000_00,H500(Z500),3587,0.5710095750465717,34.49512977298671
scene0000_00,H500(Z500),3598,0.49618613798002287,40.22891477512591
scene0000_00,H500(Z500),3609,0.4314267949563103,43.91794186250828
scene0000_00,H500(Z500),3621,0.2987913735786092,45.678873568050186
scene0000_00,H500(Z500),3632,0.12112232788691013,54.18127615708687
scene0000_00,H500(Z500),3643,0.36706017637853644,52.38233844455076
scene0000_00,H500(Z500),3654,0.38503301388243133,57.686054586008744
scene0000_00,H500(Z500),3665,0.20849472616030226,69.44388242936442
scene0000_00,H500(Z500),3677,0.36815410150180716,48.80047697018615
scene0000_00,H500(Z500),3688,0.27561420380637175,59.05563361710206
scene0000_00,H500(Z500),3699,0.3607790039187063,86.70048898185493
scene0000_00,H500(Z500),3710,0.7195642283559546,67.54703642721218
scene0000_00,H500(Z500),3721,0.8617442778956341,52.74688133443194
scene0000_00,H500(Z500),3732,1.2134647227253066,44.94237260298248
scene0000_00,H500(Z500),3744,1.3498565497470063,38.428677244752755
scene0000_00,H500(Z500),3755,1.3448221947821737,57.65107408334718
scene0000_00,H500(Z500),3766,1.6592881217906241,78.41568371304328
scene0000_00,H500(Z500),3777,1.6936293870378463,74.81568260404156
scene0000_00,H500(Z500),3788,1.586207970675137,63.708636572786126
scene0000_00,H500(Z500),3799,1.2465479063146108,47.44256968737931
scene0000_00,H500(Z500),3811,0.7548841555482984,91.29071959872255
scene0000_00,H500(Z500),3822,0.37368794352641777,84.72456673306802
scene0000_00,H500(Z500),3833,2.6009953150768483,23.285888545213766
scene0000_00,H500(Z500),3844,0.6676362867575784,74.93899919048187
scene0000_00,H500(Z500),3855,1.8075088465602882,47.69586631312791
scene0000_00,H500(Z500),3867,2.414633073259049,52.11572283779462
scene0000_00,H500(Z500),3878,2.4104460704000177,50.969234816196284
scene0000_00,H500(Z500),3889,2.2919246600417926,79.12378658878359
scene0000_00,H500(Z500),3900,2.0336286116274715,91.43236001176075
scene0000_00,H500(Z500),3911,1.4448158877852377,112.60176400992906
scene0000_00,H500(Z500),3922,1.632104700864498,103.15725974925556
scene0000_00,H500(Z500),3934,1.4333598368491947,129.93820839314623
scene0000_00,H500(Z500),3945,1.8302681252158854,136.65366339546975
scene0000_00,H500(Z500),3956,2.0329106260788503,133.13447548191297
scene0000_00,H500(Z500),3967,2.035525484214096,121.67101749579656
scene0000_00,H500(Z500),3978,1.8730764555678403,142.25120349114275
scene0000_00,H500(Z500),3989,1.3577179381730546,160.1324869569724
scene0000_00,H500(Z500),4001,1.6574914208422675,143.2788014443104
scene0000_00,H500(Z500),4012,1.5773460538305073,142.1256021518488
scene0000_00,H500(Z500),4023,1.4643253519342208,149.5128036673435
scene0000_00,H500(Z500),4034,1.5502835422744876,140.17679783231114
scene0000_00,H500(Z500),4045,2.208610076543605,104.6504451794295
scene0000_00,H500(Z500),4057,2.685156925901059,64.86128048312757
scene0000_00,H500(Z500),4068,2.5679512798123048,61.702040183612716
scene0000_00,H500(Z500),4079,2.6565376881624783,64.77865308083534
scene0000_00,H500(Z500),4090,2.4210674082813535,56.57121354347284
scene0000_00,H500(Z500),4101,2.3019091836299364,50.94733712387298
scene0000_00,H500(Z500),4112,2.0249762682083086,41.952273183108055
scene0000_00,H500(Z500),4124,1.90259045828119,42.343368820254575
scene0000_00,H500(Z500),4135,1.639385918906904,37.70051374936958
scene0000_00,H500(Z500),4146,1.2524234403914565,46.3371579453056
scene0000_00,H500(Z500),4157,1.3010581100004166,40.255880569964745
scene0000_00,H500(Z500),4168,0.67972349483137,59.31335138350228
scene0000_00,H500(Z500),4179,0.35672204966872956,70.41579810277534
scene0000_00,H500(Z500),4191,0.2264920028460915,68.61165059425969
scene0000_00,H500(Z500),4202,0.07733411249795921,42.037224429238485
scene0000_00,H500(Z500),4213,0.42779670237370115,29.636116617622644
scene0000_00,H500(Z500),4224,1.4774321076857548,5.1065903119529965
scene0000_00,H500(Z500),4235,1.4336676164021398,39.48892174254138
scene0000_00,H500(Z500),4247,1.0241338197549184,24.48900045208147
scene0000_00,H500(Z500),4258,2.2704443709035567,34.12583761181324
scene0000_00,H500(Z500),4269,2.3195538439835457,67.9620759736471
scene0000_00,H500(Z500),4280,1.6129674651170576,38.749419768645595
scene0000_00,H500(Z500),4291,1.49248538565587,47.09269137540632
scene0000_00,H500(Z500),4302,1.467426366475089,48.48399445575515
scene0000_00,H500(Z500),4314,1.4384626412510881,47.48813138871184
scene0000_00,H500(Z500),4325,1.491471901999896,42.96969305870233
scene0000_00,H500(Z500),4336,1.37448208961094,45.66765695167399
scene0000_00,H500(Z500),4347,1.3840720886323976,42.67989030763661
scene0000_00,H500(Z500),4358,1.4659751576585798,39.67677294303609
scene0000_00,H500(Z500),4369,1.3542849527875274,42.707811189016944
scene0000_00,H500(Z500),4381,1.4745122168856462,42.68145237878346
scene0000_00,H500(Z500),4392,1.610256517640417,37.10886978153981
scene0000_00,H500(Z500),4403,1.7474662651563957,32.80983950778237
scene0000_00,H500(Z500),4414,1.4639602149043278,44.248260810320566
scene0000_00,H500(Z500),4425,1.404860994379431,39.111721331133225
scene0000_00,H500(Z500),4437,1.4907124434144103,41.37494947032721
scene0000_00,H500(Z500),4448,1.5685301911771776,38.39905748535717
scene0000_00,H500(Z500),4459,1.5875545572069552,33.24999843167303
scene0000_00,H500(Z500),4470,1.4887227376029375,19.4640364770147
scene0000_00,H500(Z500),4481,1.547169937506853,36.17460654771298
scene0000_00,H500(Z500),4492,1.5745071717379933,37.01449173764558
scene0000_00,H500(Z500),4504,1.8762430014802665,27.05902755363703
scene0000_00,H500(Z500),4515,1.880984498549405,29.263569388280725
scene0000_00,H500(Z500),4526,1.8830249944493114,39.88318890782643
scene0000_00,H500(Z500),4537,1.9950954405850874,43.33390664007931
scene0000_00,H500(Z500),4548,2.102036325600462,34.435897570418035
scene0000_00,H500(Z500),4559,2.196732211844607,30.2571212567242
scene0000_00,H500(Z500),4571,2.122940811499879,28.737972010827605
scene0000_00,H500(Z500),4582,2.4270000989084997,35.33576888036341
scene0000_00,H500(Z500),4593,1.940189921068033,42.59485796615565
scene0000_00,H500(Z500),4604,1.9955320985528573,37.229296192661444
scene0000_00,H500(Z500),4615,1.898715478708814,43.395511100845525
scene0000_00,H500(Z500),4627,1.9635843472437582,43.388342723504266
scene0000_00,H500(Z500),4638,1.9478967016322313,45.159755458524714
scene0000_00,H500(Z500),4649,1.8588587942386001,46.62709762137573
scene0000_00,H500(Z500),4660,1.7661530729527462,56.21993513411317
scene0000_00,H500(Z500),4671,1.6768010306721588,46.31535769416896
scene0000_00,H500(Z500),4682,1.7161563237682729,47.756695174974055
scene0000_00,H500(Z500),4694,2.169289929808252,29.258677438012686
scene0000_00,H500(Z500),4705,2.7461167675316056,21.193952308180986
scene0000_00,H500(Z500),4716,3.003678504617041,79.99571607968768
scene0000_00,H500(Z500),4727,3.001894237475149,99.98908354890206
scene0000_00,H500(Z500),4738,2.8218069666288312,101.48831086275365
scene0000_00,H500(Z500),4749,3.0153143323536074,102.4368244137198
scene0000_00,H500(Z500),4761,3.003125807633703,97.0349636765536
scene0000_00,H500(Z500),4772,3.055565339592541,108.80105775022844
scene0000_00,H500(Z500),4783,2.7797507545116247,107.27587756431983
scene0000_00,H500(Z500),4794,2.8622402187471936,88.83522251685223
scene0000_00,H500(Z500),4805,3.6311459847574223,25.139959976670784
scene0000_00,H500(Z500),4817,2.711899799173121,11.141279219110276
scene0000_00,H500(Z500),4828,1.9129248693290464,58.4980125817053
scene0000_00,H500(Z500),4839,2.0317574691211897,57.023101228926635
scene0000_00,H500(Z500),4850,1.8713039538441363,56.67696746463833
scene0000_00,H500(Z500),4861,2.032828895832104,44.618028643956386
scene0000_00,H500(Z500),4872,1.8174601578878966,25.567784410839348
scene0000_00,H500(Z500),4884,1.7421537767790958,16.844768188433687
scene0000_00,H500(Z500),4895,1.777479474119484,16.449965924973856
scene0000_00,H500(Z500),4906,1.9697817690788169,22.87800666699739
scene0000_00,H500(Z500),4917,1.4692264419104195,12.800163128838788
scene0000_00,H500(Z500),4928,1.5368514039160923,17.526999346575217
scene0000_00,H500(Z500),4939,1.4545624966791468,18.83399619963334
scene0000_00,H500(Z500),4951,1.5802213096330497,22.161829154581714
scene0000_00,H500(Z500),4962,1.510032792680001,19.174909047929166
scene0000_00,H500(Z500),4973,1.7873464799276881,37.462291474395386
scene0000_00,H500(Z500),4984,1.4770906303657234,16.815104802913705
scene0000_00,H500(Z500),4995,1.4153829023077769,16.74112852978679
scene0000_00,H500(Z500),5007,1.2744254806267918,15.206465371028488
scene0000_00,H500(Z500),5018,1.3252491144457796,21.93126119296634
scene0000_00,H500(Z500),5029,1.0958852972948883,17.711798741164195
scene0000_00,H500(Z500),5040,1.3475308502134886,20.83912043597234
scene0000_00,H500(Z500),5051,1.4553553146558926,29.501934141757605
scene0000_00,H500(Z500),5062,1.586186488813172,31.351557578106544
scene0000_00,H500(Z500),5074,1.5943174734604082,35.73669787669307
scene0000_00,H500(Z500),5085,1.2540603890194764,24.54299478459899
scene0000_00,H500(Z500),5096,0.6994653900574926,7.456774747357977
scene0000_00,H500(Z500),5107,0.5979717704891852,4.175756531424124
scene0000_00,H500(Z500),5118,0.5843337613756627,4.199926836395537
scene0000_00,H500(Z500),5129,0.616916671482879,4.4802215171459965
scene0000_00,H500(Z500),5141,0.7621723761106552,6.054581211581321
scene0000_00,H500(Z500),5152,0.7285257712032277,6.946828953415739
scene0000_00,H500(Z500),5163,0.3514780229894713,3.8653227568727218
scene0000_00,H500(Z500),5174,0.2573361208524619,10.36664078941255
scene0000_00,H500(Z500),5185,0.3362315651216465,10.322506828071917
scene0000_00,H500(Z500),5197,0.4656010770603867,4.617204652757781
scene0000_00,H500(Z500),5208,0.4808547262771306,6.267279538169597
scene0000_00,H500(Z500),5219,0.5032927737317087,3.7018357312628907
scene0000_00,H500(Z500),5230,0.36374232443022486,5.822564892434838
scene0000_00,H500(Z500),5241,0.3973198343804819,13.867170932513229
scene0000_00,H500(Z500),5252,0.6680555626709077,15.23590526949152
scene0000_00,H500(Z500),5264,0.9108041663910272,18.828628566215198
scene0000_00,H500(Z500),5275,1.0722841527324092,21.049035675904538
scene0000_00,H500(Z500),5286,1.0568524022462928,21.605255221116565
scene0000_00,H500(Z500),5297,0.8496382221166862,17.534479391047302
scene0000_00,H500(Z500),5308,0.8803729962834609,18.15008040705507
scene0000_00,H500(Z500),5319,0.905523602503229,20.024250355240785
scene0000_00,H500(Z500),5331,0.9367990894971296,19.61374462423743
scene0000_00,H500(Z500),5342,0.7740826340368561,18.139468737628558
scene0000_00,H500(Z500),5353,0.8774942262121784,18.794895164887315
scene0000_00,H500(Z500),5364,0.9206992514922478,19.45240986380229
scene0000_00,H500(Z500),5375,0.9111022559579436,19.327869584942075
scene0000_00,H500(Z500),5387,1.018869025019014,21.164460093820264
scene0000_00,H500(Z500),5398,1.1053283931762337,24.05680670693939
scene0000_00,H500(Z500),5409,1.051350727255648,24.650094588145976
scene0000_00,H500(Z500),5420,1.0337233777482304,25.25244340239646
scene0000_00,H500(Z500),5431,0.9687071425908598,25.489086248795523
scene0000_00,H500(Z500),5442,0.9338687320817254,25.594851526070116
scene0000_00,H500(Z500),5454,0.8849087061623632,25.08073846582093
scene0000_00,H500(Z500),5465,0.8545132129822369,25.185565219850535
scene0000_00,H500(Z500),5476,0.9025864216916134,25.18407217215465
scene0000_00,H500(Z500),5487,0.8827441583103355,25.625026272344606
scene0000_00,H500(Z500),5498,0.9544270467305284,25.95221929861246
scene0000_00,H500(Z500),5509,1.0528563641467052,26.890742822606473
scene0000_00,H500(Z500),5521,1.0176181989959927,26.904365996922607
scene0000_00,H500(Z500),5532,1.0521024823975216,26.81853726686538
scene0000_00,H500(Z500),5543,1.1048425484779247,26.708774600885295
scene0000_00,H500(Z500),5554,1.0856621464290395,30.01503170293959
scene0000_00,H500(Z500),5565,1.0722992673874379,31.242159770683223
scene0000_00,H500(Z500),5577,1.133973754514512,28.70743755754939
scene0000_00,H500(Z500)_shared,0,1.2738756538917362,26.227816773151513
scene0000_00,H500(Z500)_shared,22,1.27879991963144,27.64423795868669
scene0000_00,H500(Z500)_shared,55,1.1859359224188506,27.332188515090266
scene0000_00,H500(Z500)_shared,78,1.138810940324012,27.471892807886984
scene0000_00,H500(Z500)_shared,111,1.1495544399820075,27.625007252595392
scene0000_00,H500(Z500)_shared,134,1.2061262210077062,28.239192233614123
scene0000_00,H500(Z500)_shared,167,1.2303787720906612,27.14088184802562
scene0000_00,H500(Z500)_shared,189,1.2275444741297055,28.520055623145744
scene0000_00,H500(Z500)_shared,223,1.2855031940049444,27.352341282770105
scene0000_00,H500(Z500)_shared,245,1.4346710107310803,27.564523145176576
scene0000_00,H500(Z500)_shared,279,1.6294405307520428,23.41619610574365
scene0000_00,H500(Z500)_shared,301,1.5961185581813888,26.864843764267302
scene0000_00,H500(Z500)_shared,335,1.2483384195252907,29.56173072657209
scene0000_00,H500(Z500)_shared,357,1.2222018097113854,28.58229562178016
scene0000_00,H500(Z500)_shared,391,1.4280174103733683,30.645344643308686
scene0000_00,H500(Z500)_shared,413,1.5879857593216522,27.293736575746827
scene0000_00,H500(Z500)_shared,447,1.3619936671546256,28.870126220725922
scene0000_00,H500(Z500)_shared,469,1.338605280837328,27.51107228976611
scene0000_00,H500(Z500)_shared,502,1.457294947382501,27.73196254677949
scene0000_00,H500(Z500)_shared,525,1.2375814162320604,32.235847340684934
scene0000_00,H500(Z500)_shared,558,1.111133503651734,30.957183510908866
scene0000_00,H500(Z500)_shared,581,1.0692654416822913,29.635197444310993
scene0000_00,H500(Z500)_shared,614,1.0938335912322037,27.067965967435175
scene0000_00,H500(Z500)_shared,637,1.2219779483366757,29.11985680995328
scene0000_00,H500(Z500)_shared,670,1.2048992654872095,33.456769759900816
scene0000_00,H500(Z500)_shared,692,1.0381227368826138,30.36713995669919
scene0000_00,H500(Z500)_shared,726,0.9173227725017254,31.692347898623193
scene0000_00,H500(Z500)_shared,748,0.8470009205925096,30.359043652921628
scene0000_00,H500(Z500)_shared,782,0.9026550148879654,31.015245716383244
scene0000_00,H500(Z500)_shared,804,0.8396070067603935,30.850078428459422
scene0000_00,H500(Z500)_shared,838,0.681310595763739,34.59808858852678
scene0000_00,H500(Z500)_shared,860,0.6822724178954811,33.11384760774006
scene0000_00,H500(Z500)_shared,894,0.8769759633741105,40.783928171875054
scene0000_00,H500(Z500)_shared,916,0.977724365820531,37.73407896379819
scene0000_00,H500(Z500)_shared,949,1.290445488072884,37.249884776889104
scene0000_00,H500(Z500)_shared,972,1.387660922700787,39.96510277827956
scene0000_00,H500(Z500)_shared,1005,1.1538982619825557,36.7627375339214
scene0000_00,H500(Z500)_shared,1028,1.0695133045426508,40.14256865662954
scene0000_00,H500(Z500)_shared,1061,0.7626626330841593,41.419982315100576
scene0000_00,H500(Z500)_shared,1084,0.8933200656573599,37.76531187488947
scene0000_00,H500(Z500)_shared,1117,0.6043505143052992,43.60962806646958
scene0000_00,H500(Z500)_shared,1139,0.5173114858742514,30.835028957095172
scene0000_00,H500(Z500)_shared,1173,0.23981541172579585,34.070991746439304
scene0000_00,H500(Z500)_shared,1195,0.6125852295583685,34.53305200699342
scene0000_00,H500(Z500)_shared,1229,0.5553599433229688,40.512568400771954
scene0000_00,H500(Z500)_shared,1251,0.6422379178536483,43.741417006945994
scene0000_00,H500(Z500)_shared,1285,0.33559053092865193,69.8063582055005
scene0000_00,H500(Z500)_shared,1307,0.05106676308034227,82.58423469944263
scene0000_00,H500(Z500)_shared,1341,0.42610394878621366,30.69794473126512
scene0000_00,H500(Z500)_shared,1363,1.6289509187003204,8.291176757105502
scene0000_00,H500(Z500)_shared,1397,1.5607065396358595,43.43233305087316
scene0000_00,H500(Z500)_shared,1419,3.392385421425191,83.79566728846984
scene0000_00,H500(Z500)_shared,1452,2.6583622546315793,47.18489339839028
scene0000_00,H500(Z500)_shared,1475,2.116318108440403,59.06258829486853
scene0000_00,H500(Z500)_shared,1508,1.9145509867181658,41.07497043294214
scene0000_00,H500(Z500)_shared,1531,3.0485909701649665,54.19182842597491
scene0000_00,H500(Z500)_shared,1564,3.208761217727055,77.63869813692864
scene0000_00,H500(Z500)_shared,1587,2.443319982836137,150.16216579637873
scene0000_00,H500(Z500)_shared,1620,2.256916613748432,44.03902936553733
scene0000_00,H500(Z500)_shared,1642,2.07288329171756,22.381764134472785
scene0000_00,H500(Z500)_shared,1676,1.4683876754880407,33.738236008848396
scene0000_00,H500(Z500)_shared,1698,1.4950073335623806,48.34773592273522
scene0000_00,H500(Z500)_shared,1732,1.5381659594642216,50.58156893911791
scene0000_00,H500(Z500)_shared,1754,1.5473007006598751,46.1945003990456
scene0000_00,H500(Z500)_shared,1788,1.6432359280001239,41.47431523785987
scene0000_00,H500(Z500)_shared,1810,1.45456487949291,40.668363169396926
scene0000_00,H500(Z500)_shared,1844,1.5091361744436336,42.372624090163384
scene0000_00,H500(Z500)_shared,1877,0.9588059683031384,20.075913571175086
scene0000_00,H500(Z500)_shared,1899,0.23056846778644308,4.208772611695493
scene0000_00,H500(Z500)_shared,1933,0.7142546292966137,15.904322784922137
scene0000_00,H500(Z500)_shared,1955,0.8758672930103621,16.030552862354106
scene0000_00,H500(Z500)_shared,1989,1.1868136265070752,21.1593434102584
scene0000_00,H500(Z500)_shared,2011,1.2313527987675568,23.4331246238836
scene0000_00,H500(Z500)_shared,2045,1.249425935896235,25.196123724536474
scene0000_00,H500(Z500)_shared,2067,1.2581836045706427,26.374234855996782
scene0000_00,H500(Z500)_shared,2101,1.1640300733836932,26.722316686408114
scene0000_00,H500(Z500)_shared,2123,1.0864459674721496,25.763730349671537
scene0000_00,H500(Z500)_shared,2157,1.069238681706729,25.334568984720207
scene0000_00,H500(Z500)_shared,2179,1.0208749615373789,26.346680337027955
scene0000_00,H500(Z500)_shared,2212,1.0199114203638402,27.64122633782687
scene0000_00,H500(Z500)_shared,2235,0.9901537722981065,29.670874749510592
scene0000_00,H500(Z500)_shared,2268,1.057902659421312,29.034214086401573
scene0000_00,H500(Z500)_shared,2291,1.1467567479648861,26.97431449696381
scene0000_00,H500(Z500)_shared,2324,1.2847581254164355,25.139435533796615
scene0000_00,H500(Z500)_shared,2347,1.202047781302472,24.822145956663938
scene0000_00,H500(Z500)_shared,2380,1.338353794472015,25.35094711024044
scene0000_00,H500(Z500)_shared,2402,1.270279974264881,25.312182318227
scene0000_00,H500(Z500)_shared,2436,1.2865597124740962,22.878072041558557
scene0000_00,H500(Z500)_shared,2458,1.253043778892691,23.94313414871724
scene0000_00,H500(Z500)_shared,2492,1.1298831697088307,26.986316031401
scene0000_00,H500(Z500)_shared,2514,1.0262455916898965,27.774560009670534
scene0000_00,H500(Z500)_shared,2548,0.9721690030223735,21.595422239312803
scene0000_00,H500(Z500)_shared,2570,0.9526665685724518,20.015829263698024
scene0000_00,H500(Z500)_shared,2604,0.9931727689454303,20.973233225951773
scene0000_00,H500(Z500)_shared,2626,1.0143754770730702,21.17484669995878
scene0000_00,H500(Z500)_shared,2659,0.9979317442072799,15.08282918170772
scene0000_00,H500(Z500)_shared,2682,0.9940282059523088,14.281340641602768
scene0000_00,H500(Z500)_shared,2715,0.9590638751816825,15.044208967458529
scene0000_00,H500(Z500)_shared,2738,0.9040892868814396,14.022931602428603
scene0000_00,H500(Z500)_shared,2771,0.8071992847691499,10.737872299658896
scene0000_00,H500(Z500)_shared,2794,0.5032941023069648,2.9862672268741557
scene0000_00,H500(Z500)_shared,2827,0.47363679901528716,2.543364826085355
scene0000_00,H500(Z500)_shared,2849,0.4920416264773666,1.6223576514774953
scene0000_00,H500(Z500)_shared,2883,0.5210759010261136,5.414558322955177
scene0000_00,H500(Z500)_shared,2905,0.2340943514288646,10.37050790803137
scene0000_00,H500(Z500)_shared,2939,0.5343606232247171,17.05628716940225
scene0000_00,H500(Z500)_shared,2961,0.5466938091073233,21.608563810105363
scene0000_00,H500(Z500)_shared,2995,0.902707762931639,2.411652078179926
scene0000_00,H500(Z500)_shared,3017,0.9242583431066091,30.339336040679775
scene0000_00,H500(Z500)_shared,3051,0.6425451822285783,31.93644025856822
scene0000_00,H500(Z500)_shared,3073,0.7758552924220754,29.973542912981895
scene0000_00,H500(Z500)_shared,3107,0.763755242885144,30.185980706213808
scene0000_00,H500(Z500)_shared,3129,0.7518774410535026,16.620615118281233
scene0000_00,H500(Z500)_shared,3162,0.5474310657805104,5.742804371491557
scene0000_00,H500(Z500)_shared,3185,0.5028039337841491,7.368211679630133
scene0000_00,H500(Z500)_shared,3218,0.7647362107143146,31.833753390850532
scene0000_00,H500(Z500)_shared,3241,0.5085355038626208,29.895175247396637
scene0000_00,H500(Z500)_shared,3274,0.4587211347646352,28.370732134830302
scene0000_00,H500(Z500)_shared,3297,0.3657481575528287,28.319803423803574
scene0000_00,H500(Z500)_shared,3330,0.37890655326283895,27.979996172743
scene0000_00,H500(Z500)_shared,3352,0.4984612249743868,26.877895398571532
scene0000_00,H500(Z500)_shared,3386,0.7286028489188683,27.825478507352933
scene0000_00,H500(Z500)_shared,3408,0.8088196645570975,28.914561354738304
scene0000_00,H500(Z500)_shared,3442,0.8771431937980348,31.811776723013466
scene0000_00,H500(Z500)_shared,3464,1.0574339296485593,30.849623394099517
scene0000_00,H500(Z500)_shared,3498,1.1425455222236083,31.1025517026645
scene0000_00,H500(Z500)_shared,3520,1.0837891229309582,38.07993346770702
scene0000_00,H500(Z500)_shared,3554,0.8280420842671631,39.67151075069759
scene0000_00,H500(Z500)_shared,3576,0.5280855768466772,36.094735397818496
scene0000_00,H500(Z500)_shared,3609,0.44691196274352546,44.261139614158765
scene0000_00,H500(Z500)_shared,3632,0.1320486224892183,54.52522578980473
scene0000_00,H500(Z500)_shared,3665,0.22737576692432615,69.78769902656975
scene0000_00,H500(Z500)_shared,3688,0.29904752947725727,59.399609825515796
scene0000_00,H500(Z500)_shared,3721,0.8833816231910324,53.08951533415549
scene0000_00,H500(Z500)_shared,3755,1.3683485021518682,57.992983465369306
scene0000_00,H500(Z500)_shared,3777,1.7174788788286428,75.15968390898745
scene0000_00,H500(Z500)_shared,3811,0.796806389322854,91.6345115430859
scene0000_00,H500(Z500)_shared,3833,2.5467479765613747,23.629571738177432
scene0000_00,H500(Z500)_shared,3867,2.4336568262025704,52.45876790076057
scene0000_00,H500(Z500)_shared,3889,2.3174517684273934,79.46608241426459
scene0000_00,H500(Z500)_shared,3922,1.6672211959100918,103.4988841744238
scene0000_00,H500(Z500)_shared,3945,1.8657384607101652,136.9968378718766
scene0000_00,H500(Z500)_shared,3978,1.9070252385164752,142.59453656256554
scene0000_00,H500(Z500)_shared,4001,1.694964504798922,143.62073529037198
scene0000_00,H500(Z500)_shared,4034,1.586915981067614,140.51900674963974
scene0000_00,H500(Z500)_shared,4057,2.7023322780588113,65.20009724336379
scene0000_00,H500(Z500)_shared,4090,2.4376922487771577,56.90914748432525
scene0000_00,H500(Z500)_shared,4112,2.040520882459489,42.29008994792831
scene0000_00,H500(Z500)_shared,4146,1.2702309437557033,46.67764382977085
scene0000_00,H500(Z500)_shared,4168,0.7041013942939685,59.65633448104308
scene0000_00,H500(Z500)_shared,4202,0.04700782264351009,42.38280526042134
scene0000_00,H500(Z500)_shared,4224,1.4286837962084211,5.4434307207519845
scene0000_00,H500(Z500)_shared,4258,2.221181854008058,33.78948645379612
scene0000_00,H500(Z500)_shared,4280,1.5830788329726635,38.405767171112196
scene0000_00,H500(Z500)_shared,4314,1.4266574535672059,47.144228575931905
scene0000_00,H500(Z500)_shared,4336,1.364451224383483,45.3239549182073
scene0000_00,H500(Z500)_shared,4369,1.3409390701506478,42.36601839313376
scene0000_00,H500(Z500)_shared,4392,1.5884964227364735,36.77095524983958
scene0000_00,H500(Z500)_shared,4425,1.3900190018844127,38.76641666401602
scene0000_00,H500(Z500)_shared,4448,1.5512196803922371,38.055008630256175
scene0000_00,H500(Z500)_shared,4481,1.5295192358063558,35.82927359866773
scene0000_00,H500(Z500)_shared,4504,1.8503662521976731,26.711708293789638
scene0000_00,H500(Z500)_shared,4537,1.9773367986792052,42.991047063081844
scene0000_00,H500(Z500)_shared,4559,2.166201573260306,29.917644189691785
scene0000_00,H500(Z500)_shared,4593,1.9211804044525698,42.25256133187915
scene0000_00,H500(Z500)_shared,4615,1.8797634466749666,43.052626056299445
scene0000_00,H500(Z500)_shared,4649,1.8393893328833146,46.28348109665535
scene0000_00,H500(Z500)_shared,4671,1.6634096561799427,45.972942591535286
scene0000_00,H500(Z500)_shared,4705,2.724662912618968,21.536946467884484
scene0000_00,H500(Z500)_shared,4727,2.9809290141562177,100.33276671520309
scene0000_00,H500(Z500)_shared,4761,2.9921020819223263,97.37518994352355
scene0000_00,H500(Z500)_shared,4783,2.758159654026028,107.61788726354553
scene0000_00,H500(Z500)_shared,4817,2.68710388295149,10.832156053894023
scene0000_00,H500(Z500)_shared,4839,2.0118729086496634,56.67915432628043
scene0000_00,H500(Z500)_shared,4872,1.7927219040233966,25.218898260566764
scene0000_00,H500(Z500)_shared,4895,1.7507697546573324,16.10595959945665
scene0000_00,H500(Z500)_shared,4928,1.5158437638456086,17.178679481831953
scene0000_00,H500(Z500)_shared,4951,1.5711744540383221,21.810325523880056
scene0000_00,H500(Z500)_shared,4984,1.461808624591729,16.463572255385603
scene0000_00,H500(Z500)_shared,5007,1.257156425706108,14.861259806456333
scene0000_00,H500(Z500)_shared,5040,1.3283320399923557,20.486242661741656
scene0000_00,H500(Z500)_shared,5062,1.5692456556942755,30.998497302980947
scene0000_00,H500(Z500)_shared,5096,0.7079120152032613,7.14028837952033
scene0000_00,H500(Z500)_shared,5118,0.5949461789619256,3.9835640080468195
scene0000_00,H500(Z500)_shared,5152,0.7398836098830769,6.637453314073754
scene0000_00,H500(Z500)_shared,5174,0.3052444098504227,10.65168031977443
scene0000_00,H500(Z500)_shared,5208,0.5217818648938424,6.5142975127620755
scene0000_00,H500(Z500)_shared,5230,0.39871812949783847,6.0360040851946595
scene0000_00,H500(Z500)_shared,5264,0.9263829576852707,19.162450500539197
scene0000_00,H500(Z500)_shared,5286,1.0661021915632702,21.936666311313953
scene0000_00,H500(Z500)_shared,5319,0.909507821004121,20.351404226026897
scene0000_00,H500(Z500)_shared,5342,0.7745869813709677,18.462726100885437
scene0000_00,H500(Z500)_shared,5375,0.9126788584571197,19.65422936231726
scene0000_00,H500(Z500)_shared,5398,1.1082683190054852,24.387131516524867
scene0000_00,H500(Z500)_shared,5431,0.9724642574039464,25.819674750702244
scene0000_00,H500(Z500)_shared,5454,0.8885102314462698,25.406981032718782
scene0000_00,H500(Z500)_shared,5487,0.8894739540433727,25.955262220765896
scene0000_00,H500(Z500)_shared,5509,1.063361457523079,27.214347963261286
scene0000_00,H500(Z500)_shared,5543,1.1217517634805465,27.03979877432639
scene0000_00,H500(Z500)_shared,5577,1.1538497258553662,29.041550772029705
