scene,group,set,camera_center_displacement_mean,rotation_change_deg_mean,fov_change_mean,aligned_translation_error_mean,aligned_translation_error_delta
scene0042_02,translation,selected,0.10368733693471303,5.771225536315413,0.06497575695779155,0.13011864394606482,0.08615939887432345
scene0042_02,translation,controls,0.0072084750312727455,0.8686311246207813,0.023941230726031913,0.04519908747100496,0.0012398423992635993
scene0042_02,rotation,selected,0.07979747495567346,11.042346784712795,0.15305397806067064,0.13316117633152028,0.0892019312597789
scene0042_02,rotation,controls,0.010095763213504878,0.6095977352723908,0.05799345442437869,0.04388572585118277,-7.351922055859328e-05
scene0042_02,fov,selected,0.038944340203745285,3.0596373284534937,0.3106972730353819,0.0669566749181736,0.022997429846432237
scene0042_02,fov,controls,0.019596073038287344,1.2488307954456654,0.027890200229710296,0.048983161628486045,0.005023916556744681
scene0056_00,translation,selected,0.3214399036866834,7.096423605247008,0.03611226940232632,0.39171918260189953,0.22442956903212885
scene0056_00,translation,controls,0.013486469306747465,1.1076704928833296,0.020172791803424173,0.17968436304212573,0.012394749472355054
scene0056_00,rotation,selected,0.12244424886948843,10.489710707927875,0.16333682017778675,0.3593438468187525,0.1920542332489818
scene0056_00,rotation,controls,0.02554950384314946,0.7261902058744987,0.06260406663510779,0.16229420081758286,-0.004995412752187817
scene0056_00,fov,selected,0.06291321823776173,3.235183484415361,0.3932393010376588,0.1911313584004552,0.02384174483068452
scene0056_00,fov,controls,0.033389423311685616,1.3012982364154637,0.02158148223405626,0.19289236766513487,0.025602754095364194
scene0071_00,translation,selected,0.272330957196064,8.74693902411862,0.03725624958090603,0.40120580533639894,0.3164950766721936
scene0071_00,translation,controls,0.013074562889164578,1.3570780466728078,0.02192440365508494,0.09068250170304182,0.005971773038836517
scene0071_00,rotation,selected,0.19984845875832485,13.222804544957787,0.16511284589566208,0.4687899137930035,0.3840791851287982
scene0071_00,rotation,controls,0.0206091249321783,0.6496132548290798,0.07277127808809002,0.0919897224308777,0.007278993766672404
scene0071_00,fov,selected,0.07961149858342824,4.347338503847984,0.4168087777793635,0.2076964883970216,0.1229857597328163
scene0071_00,fov,controls,0.019770958301751976,1.0120364094214105,0.021554122669408534,0.10918083570627596,0.024470107042070657
scene0096_00,translation,selected,0.30697929061736445,9.249851148859817,0.04968823557926702,0.42222027969406817,0.3547919065070474
scene0096_00,translation,controls,0.012555025840254816,0.9706997094294288,0.02143133643649176,0.06664193734367126,-0.0007864358433494895
scene0096_00,rotation,selected,0.22413279090783264,14.993325492731064,0.1770714316373644,0.5190491916423211,0.45162081845530033
scene0096_00,rotation,controls,0.020428886429814754,0.8135380778360985,0.056688911094819217,0.06496324492568689,-0.0024651282613338543
scene0096_00,fov,selected,0.08658710129501947,4.689743428610961,0.29042883070898706,0.14689748159983862,0.07946910841281787
scene0096_00,fov,controls,0.023811636432244144,1.2722526724330552,0.021905852684023713,0.06772586156133138,0.00029748837431063657
scene0109_00,translation,selected,0.2510443118038285,7.324179317047335,0.04561448400672679,0.2915835251867317,0.24511004626923125
scene0109_00,translation,controls,0.012504575831169318,1.0318436707812886,0.017271005641661348,0.049294415032960844,0.0028209361154603874
scene0109_00,rotation,selected,0.1433516667620296,13.428614947907882,0.1867019967584217,0.2831186184359863,0.23664513951848584
scene0109_00,rotation,controls,0.02036998893009225,0.861841931055183,0.04906349603780142,0.050907406110232784,0.004433927192732327
scene0109_00,fov,selected,0.07178197660779212,2.2726702611049014,0.27043071829430587,0.10897320434738518,0.062499725429884724
scene0109_00,fov,controls,0.02256035649592559,1.0864896739342802,0.019091115124898566,0.05448639217040796,0.008012913252907504
scene0136_01,translation,selected,0.12329960987101136,4.671581739637941,0.03173146138198224,0.14205944260043582,0.1044158249417812
scene0136_01,translation,controls,0.011148821197168328,1.7783450928850484,0.023571563974204762,0.03643523387131005,-0.0012083837873445788
scene0136_01,rotation,selected,0.10125017631411873,11.246234411184332,0.18946197247469648,0.1536835514460286,0.11603993378737398
scene0136_01,rotation,controls,0.012945551038411812,0.6778374532534361,0.06157039130295328,0.0437907450665305,0.006147127407875874
scene0136_01,fov,selected,0.03693991049801655,2.8333353430752837,0.4058107591485028,0.05674541569153831,0.019101798032883685
scene0136_01,fov,controls,0.019432183235696423,1.2931302278076975,0.02521599484952538,0.04855322491600569,0.010909607257351059
scene0150_00,translation,selected,0.11231337783924944,3.9433034858339973,0.016158249543995896,0.04829808385280038,0.03309714085053438
scene0150_00,translation,controls,0.006448027812766087,0.7342747347597693,0.02144484236090902,0.016528384586560217,0.0013274415842942228
scene0150_00,rotation,selected,0.037064864680679745,7.417086559924081,0.13143333678047162,0.027919094667647817,0.012718151665381823
scene0150_00,rotation,controls,0.008590445453561243,0.32747472277686557,0.05777844753787453,0.01625399490456028,0.0010530519022942872
scene0150_00,fov,selected,0.0358405678579008,1.983311410307666,0.2689759837288395,0.029545664240922274,0.01434472123865628
scene0150_00,fov,controls,0.011762625235767784,0.5740899615803832,0.023982147845822435,0.016564800803579038,0.0013638578013130433
scene0164_01,translation,selected,0.15299567073244927,7.1373091055101066,0.03244290722242571,0.09708432188098609,0.02812144507300232
scene0164_01,translation,controls,0.010199312361178764,1.5401873399193897,0.01953828867475693,0.07156753343687254,0.0026046566288887713
scene0164_01,rotation,selected,0.1398438137675711,14.527051573419806,0.15557530857415588,0.09390229840582495,0.024939421597841183
scene0164_01,rotation,controls,0.015417413972277156,0.873256297978438,0.04536347009405301,0.07224702919342313,0.0032841523854393595
scene0164_01,fov,selected,0.05260498372202632,3.9088843279591448,0.29116081684192957,0.08223981194828642,0.013276935140302648
scene0164_01,fov,controls,0.02138080844262174,1.009240993734208,0.019475833570440935,0.07222080100845482,0.003257924200471052
scene0177_01,translation,selected,0.15284553975594312,5.537010946779883,0.04760333882111185,0.18367446068935284,0.10025390966886003
scene0177_01,translation,controls,0.010922315406394862,1.3515953722238543,0.023559225985474556,0.09096643236114578,0.0075458813406529684
scene0177_01,rotation,selected,0.07921812081889532,9.996571261878502,0.1417299316645755,0.14873088951838467,0.06531033849789186
scene0177_01,rotation,controls,0.015539594290901284,0.626666933813116,0.06268644896812628,0.08177968588542765,-0.0016408651350651587
scene0177_01,fov,selected,0.05179904282044143,3.100455637677191,0.31096425261638216,0.08879936539163846,0.0053788143711456515
scene0177_01,fov,controls,0.02101461587010158,1.0539850631853827,0.0227245114368551,0.08679214956359024,0.0033715985430974316
scene0194_00,translation,selected,0.11526549988494461,3.5841285377140637,0.03737634172058595,0.14315192501995885,0.09337559872089066
scene0194_00,translation,controls,0.010116111666234048,0.8467359632910745,0.023554610585165888,0.055109478545558005,0.005333152246489815
scene0194_00,rotation,selected,0.06888578469042136,11.43262855167241,0.1586266101813287,0.10465375157758111,0.05487742527851292
scene0194_00,rotation,controls,0.014693464591308969,0.6139964112044465,0.06581971145785934,0.05666332634132514,0.006887000042256952
scene0194_00,fov,selected,0.06265103831552563,6.559389040934089,0.22610452727793068,0.07355263300081172,0.02377630670174353
scene0194_00,fov,controls,0.017454662314377124,1.1305235673386458,0.02540784958808591,0.05557892657157193,0.00580260027250374
scene0221_01,translation,selected,0.36407927458649436,4.07272222614809,0.043278930185160304,0.259396417514249,0.13835968499599885
scene0221_01,translation,controls,0.019396292681646898,1.6012614578314488,0.018941238657805726,0.13816545929520196,0.01712872677695179
scene0221_01,rotation,selected,0.14300068858861123,10.176809010452567,0.19757448098842234,0.42196572106262376,0.30092898854437355
scene0221_01,rotation,controls,0.023433549499834172,0.6384756628901886,0.0564907248307393,0.12044150747332795,-0.0005952250449222235
scene0221_01,fov,selected,0.0967104956193488,4.818890671946859,0.3501460046351885,0.28774524060125883,0.16670850808300866
scene0221_01,fov,controls,0.02579550422696285,0.9213081491098203,0.014995517910572354,0.12364447382835875,0.0026077413101085745
scene0238_00,translation,selected,0.12238377054500968,7.5791598446175374,0.03088103566080846,0.1515743780732384,0.06659543452800225
scene0238_00,translation,controls,0.010062826089476659,0.9908054574471148,0.018006301257683526,0.08443968990780461,-0.0005392536374315415
scene0238_00,rotation,selected,0.11307245089767305,18.195031399789592,0.18053715643889484,0.17080084547936714,0.08582190193413099
scene0238_00,rotation,controls,0.012058818805851301,0.7784370170271124,0.05476276191321186,0.08397992880539547,-0.0009990147398406812
scene0238_00,fov,selected,0.04285729954119601,3.755806409667113,0.22661205817953928,0.1067428943433,0.021763950798063855
scene0238_00,fov,controls,0.016250393603570158,1.1311371864812962,0.018362331539665457,0.08301267053097545,-0.0019662730142606943
scene0254_01,translation,selected,0.18871015919788026,5.44092847686267,0.032694942590305164,0.20358319770898975,0.11006749139807102
scene0254_01,translation,controls,0.010455978292823269,1.1930685564764527,0.01653821392370105,0.09285609458178179,-0.0006596117291369358
scene0254_01,rotation,selected,0.09781636234897068,12.07812768164609,0.20503337310474412,0.2210719552406328,0.12755624892971407
scene0254_01,rotation,controls,0.016548751916694634,0.7353883562487394,0.04310338415358544,0.0913518237125031,-0.0021638825984156285
scene0254_01,fov,selected,0.05365882016545726,2.924868814199239,0.25799704031368376,0.11192930962939228,0.018413603318473554
scene0254_01,fov,controls,0.020976170996336415,0.9257231205233366,0.01906355887104202,0.09162157736524455,-0.0018941289456741728
scene0267_00,translation,selected,0.11440822165824176,5.575106095605879,0.03977310868125564,0.13651634067656404,0.015314710355382677
scene0267_00,translation,controls,0.00863060369039279,1.4317417084138788,0.0231263687002765,0.12797236383256771,0.006770733511386351
scene0267_00,rotation,selected,0.09215526646023907,13.19080287275735,0.16168810905060246,0.11650776460497655,-0.004693865716204809
scene0267_00,rotation,controls,0.012710150760401006,0.8915830886704371,0.047912018969801524,0.13173864657110498,0.01053701624992362
scene0267_00,fov,selected,0.06287252833587621,4.98737161623045,0.20163154333565445,0.1378829828108686,0.016681352489687246
scene0267_00,fov,controls,0.01632401236347028,1.1439139930156046,0.019243009421143008,0.12820421406435925,0.007002583743177887
scene0294_02,translation,selected,0.21961275554069867,6.641089924866336,0.040881055808052416,0.2898406527890771,0.18736453673811082
scene0294_02,translation,controls,0.015044065141749661,2.03184030051044,0.019523288271514033,0.10541936597225941,0.0029432499212931063
scene0294_02,rotation,selected,0.13297767852791895,13.650286220355499,0.2019647270973495,0.27649480929118103,0.17401869324021474
scene0294_02,rotation,controls,0.018396113776659204,0.8410192621081845,0.0519703527252137,0.10386346278202283,0.0013873467310565185
scene0294_02,fov,selected,0.05877709297572909,2.882387850434731,0.34138439014694416,0.16150348857086333,0.05902737251989702
scene0294_02,fov,controls,0.023790902675468545,1.0444586430025178,0.01768049003771264,0.1109845141844366,0.00850839813347029
scene0309_00,translation,selected,0.1101515186841811,7.042508738849618,0.0304265411618782,0.2722799418210996,0.11744189038398728
scene0309_00,translation,controls,0.010475071769168452,1.0141163490166056,0.01744347143419632,0.15512942524809178,0.0002913738109794617
scene0309_00,rotation,selected,0.09304117140072123,15.884181841729683,0.1593584086173707,0.30055037673606505,0.14571232529895273
scene0309_00,rotation,controls,0.012400700803736986,0.7282767159124959,0.056811332509781966,0.14719371105704795,-0.007644340380064368
scene0309_00,fov,selected,0.05036565589207793,4.828458434009577,0.2252145728506994,0.19560807177543701,0.04077002033832469
scene0309_00,fov,controls,0.015281453245321168,0.9585218950426824,0.016826423715096933,0.14375472908043138,-0.011083322356680941
scene0340_01,translation,selected,0.131826508644827,6.934218082008524,0.041178832583129744,0.12855285846723224,0.08068197732815628
scene0340_01,translation,controls,0.008934378518736274,0.8122980306330889,0.022756994874249304,0.052871165877563145,0.005000284738487182
scene0340_01,rotation,selected,0.10932950503363226,13.515075704474533,0.12851424877128453,0.19552260559172302,0.14765172445264707
scene0340_01,rotation,controls,0.011594954342912163,0.7072318403232907,0.05749885055293846,0.05269971368623801,0.00482883254716205
scene0340_01,fov,selected,0.0444130399619784,4.393054269788716,0.24323892002744765,0.0723719876308231,0.024501106491747138
scene0340_01,fov,controls,0.016759460156195474,0.9816672849040117,0.025583060359049583,0.05653683208645742,0.008665950947381457
scene0353_02,translation,selected,0.15432166850279336,5.689860167821722,0.0367960223789102,0.19971273680178558,0.07461026045372579
scene0353_02,translation,controls,0.010233101187574718,1.8934813706956257,0.02043006597018301,0.12785822301265468,0.0027557466645948825
scene0353_02,rotation,selected,0.10598432288976459,12.657260095993701,0.14475202202888504,0.1895298046179245,0.06442732826986472
scene0353_02,rotation,controls,0.015551810877657979,0.8582693391852014,0.04445505915947815,0.12143516886350246,-0.0036673074845573334
scene0353_02,fov,selected,0.0632479834214616,5.657751967715167,0.26486448765840626,0.1239411557112418,-0.0011613206368179946
scene0353_02,fov,controls,0.015508649593474534,1.0584049579993302,0.01904445168287066,0.12478970913794848,-0.0003127672101113088
scene0367_01,translation,selected,0.14832964337820823,7.929311687564633,0.017667972762753562,0.12964863901971194,0.04882310988270766
scene0367_01,translation,controls,0.007762665150813309,0.9476811332750136,0.01988365982097106,0.08234820276962185,0.0015226736326175716
scene0367_01,rotation,selected,0.13133977511355804,17.165458502268823,0.19922201613398316,0.16853742673537866,0.08771189759837439
scene0367_01,rotation,controls,0.014870407933623785,0.48858398314024953,0.06519526348447605,0.0789113125931909,-0.0019142165438133796
scene0367_01,fov,selected,0.045142910565392186,3.537530070112452,0.35335787547805225,0.10888493686031234,0.02805940772330806
scene0367_01,fov,controls,0.019967224660170233,0.9895911246526985,0.018170410088765902,0.06973662740783762,-0.011088901729166656
scene0380_02,translation,selected,0.31735209324795244,12.025498034868258,0.03986604040165251,0.3351688762807751,0.22243183571471042
scene0380_02,translation,controls,0.011203630028400554,0.9554665470743255,0.01856184460949288,0.10904703428873594,-0.0036900062773286973
scene0380_02,rotation,selected,0.23749782195323002,17.03935769642138,0.18747953329536468,0.4435732721449616,0.33083623157889697
scene0380_02,rotation,controls,0.02365020414316583,0.7620800062503383,0.059862039840563507,0.1072076910683862,-0.005529349497678443
scene0380_02,fov,selected,0.06391047718920986,4.241038306046375,0.4181787155383513,0.16336650084568016,0.050629460279615526
scene0380_02,fov,controls,0.027609121500996994,1.0434552290463763,0.01821805104975377,0.10355891305475017,-0.009178127511314471
scene0395_00,translation,selected,0.277368586967669,8.174431851884485,0.04660207181760384,0.3765299532233016,0.24844603748125557
scene0395_00,translation,controls,0.011650489705629787,1.1100543746018252,0.022576843671961996,0.1297274266855381,0.0016435109434920492
scene0395_00,rotation,selected,0.14185185298441036,12.723463893667027,0.14527310219567138,0.3767693546287038,0.24868543888665776
scene0395_00,rotation,controls,0.019334378329201703,0.7531041018644637,0.0619573712968668,0.12832287734473222,0.00023896160268616073
scene0395_00,fov,selected,0.09582354977570219,5.843359038067626,0.24660491695666997,0.2185101022059291,0.09042618646388303
scene0395_00,fov,controls,0.02347179434014267,1.196354710521197,0.018770967701787655,0.1395019925396921,0.011418076797646032
scene0409_01,translation,selected,0.22427520975909454,8.270991843556812,0.05376431600994517,0.4464883656266263,0.21688861046186161
scene0409_01,translation,controls,0.010959267115176006,1.3113376640321317,0.014964519453861659,0.23006370791619038,0.00046395275142568915
scene0409_01,rotation,selected,0.1399483251097434,13.612573192362547,0.19279537331333202,0.35601220532874267,0.12641245016397798
scene0409_01,rotation,controls,0.019034620893326318,0.8365482834006062,0.04335061626489772,0.23547352470487015,0.005873769540105461
scene0409_01,fov,selected,0.06715113087161492,2.1578144408855597,0.27382857169421004,0.29596481381690515,0.06636505865214046
scene0409_01,fov,controls,0.023586037874701867,0.9913278726307565,0.015575165245442064,0.24922677286402836,0.01962701769926367
scene0421_02,translation,selected,0.1767092919038421,8.961981639983074,0.04238803217065617,0.10148398437015013,0.057373868876311074
scene0421_02,translation,controls,0.009399776743807504,1.1344771782087129,0.019589868293831456,0.045060709016726874,0.000950593522887816
scene0421_02,rotation,selected,0.12493164054948452,16.109217904977964,0.1550385651209069,0.11678334002894841,0.07267322453510935
scene0421_02,rotation,controls,0.014967809672705718,0.7106164474706611,0.06447126773536092,0.04585178685577478,0.0017416713619357246
scene0421_02,fov,selected,0.05428440230071152,3.9704408851459783,0.2690347898758726,0.055753789488202796,0.011643673994363737
scene0421_02,fov,controls,0.01786111557793659,1.018747553172989,0.01868243338264064,0.04582538880875029,0.0017152733149112323
scene0435_03,translation,selected,0.1446640363942534,7.379823869252928,0.06281096882381777,0.23395757737338668,0.14384660071919744
scene0435_03,translation,controls,0.009506719222869695,1.262868022836607,0.020194029542628736,0.09242872092896576,0.0023177442747765176
scene0435_03,rotation,selected,0.11527967009555312,14.774499437961492,0.16278302891516988,0.23508527311797997,0.14497429646379073
scene0435_03,rotation,controls,0.013446448566698082,0.7637626090813372,0.051447384947726514,0.08890146374423408,-0.0012095129099551627
scene0435_03,fov,selected,0.04601512939416265,3.340208728504834,0.29939680153438936,0.10590102592599115,0.015790049271801915
scene0435_03,fov,controls,0.01743184176003552,0.9881578634164294,0.020541767863450845,0.08794275176465774,-0.0021682248895315004
scene0451_01,translation,selected,0.2836494361587774,8.508996910572966,0.04939951816308487,0.48993195767615105,0.43534274049141347
scene0451_01,translation,controls,0.0122883360922415,1.1126370039512599,0.020745385333801342,0.06057769568953219,0.005988478504794628
scene0451_01,rotation,selected,0.1986339817551572,14.396229421432203,0.14689145877466142,0.5513965439099864,0.4968073267252488
scene0451_01,rotation,controls,0.016049692956505338,0.7739827966329237,0.059618182401785416,0.061903993624360096,0.007314776439622535
scene0451_01,fov,selected,0.07185717995954481,4.7020062028728296,0.33396274904086953,0.15759913379276208,0.10300991660802453
scene0451_01,fov,controls,0.02106072179574948,1.1367978786980752,0.019990052057706015,0.06824402997021786,0.013654812785480301
scene0466_01,translation,selected,0.26541382381776985,6.619117830413177,0.04785379187351148,0.7140388082402412,0.5133198848273738
scene0466_01,translation,controls,0.01705842723099804,1.005492622959479,0.021247026959635363,0.20683080081932548,0.006111877406458022
scene0466_01,rotation,selected,0.14455290356384082,11.456004657817102,0.16468312846841557,0.6929751929561359,0.4922562695432684
scene0466_01,rotation,controls,0.019433911582327296,0.7971508771096965,0.04999294522612635,0.20011960378340368,-0.0005993196294637737
scene0466_01,fov,selected,0.06815394659075175,2.2626595945835644,0.2754055370251191,0.24424132802658371,0.04352240461371626
scene0466_01,fov,controls,0.026184565850928907,1.4612464770732758,0.026036011704280288,0.22492385363218875,0.024204930219321297
scene0477_00,translation,selected,0.3418943980264812,7.038807068081682,0.04390513313854193,0.7454700504373416,0.6264785943530665
scene0477_00,translation,controls,0.013066393925713479,0.9927441911280791,0.01838236450766662,0.12265223045680007,0.0036607743725250025
scene0477_00,rotation,selected,0.1126505833411644,10.283157237581479,0.15965537139802072,0.421051227930539,0.3020597718462639
scene0477_00,rotation,controls,0.022435859739217447,0.7992667782196923,0.048758386293679574,0.11693593911444429,-0.0020555169698307785
scene0477_00,fov,selected,0.11656576434355775,2.967175504979829,0.26556914195531933,0.2981657667296159,0.17917431064534084
scene0477_00,fov,controls,0.023164733634603158,1.128676541610934,0.022116193740471538,0.12155115696504902,0.002559700880773952
scene0493_01,translation,selected,0.41409935140468923,13.137068157175998,0.06550758692641102,0.6254841800411757,0.5781499213331721
scene0493_01,translation,controls,0.015050807762392438,1.0026145638050699,0.017940282233198247,0.05429455235847421,0.006960293650470628
scene0493_01,rotation,selected,0.31917752227949353,17.084268725933242,0.17170521707148642,0.7882243792665399,0.7408901205585363
scene0493_01,rotation,controls,0.02952997496017186,0.8119302401027237,0.060643477746673155,0.06914217745012256,0.02180791874211898
scene0493_01,fov,selected,0.1068776061418043,5.15970072523391,0.45486379716396946,0.27564629744343067,0.22831203873542708
scene0493_01,fov,controls,0.030798931916797338,1.0689331505122217,0.017977851063460802,0.08419731655722032,0.036863057849216736
scene0509_01,translation,selected,0.16246861745413146,8.828415354792485,0.0535020195380029,0.11230276520240601,0.0727362943641896
scene0509_01,translation,controls,0.009612486449245105,0.7584444912027104,0.023102261079698216,0.03853245010967393,-0.00103402072854248
scene0509_01,rotation,selected,0.151275050847614,14.83816134415662,0.13776398842679832,0.1401939815360122,0.1006275106977958
scene0509_01,rotation,controls,0.012608099095224161,0.693226996027807,0.05447047335187413,0.038604021659072216,-0.0009624491791441966
scene0509_01,fov,selected,0.0523137581318482,4.792652873033175,0.22883443107995236,0.03432402846952846,-0.005242442368687955
scene0509_01,fov,controls,0.020140345823087435,1.1683639873805078,0.02745631080011581,0.037934847153520204,-0.0016316236846962082
scene0525_00,translation,selected,0.26065672351817715,9.647230480720518,0.060236180854029236,0.30758685130693036,0.23149345913417713
scene0525_00,translation,controls,0.014404616529221924,1.331210356266296,0.020071640334802417,0.07904367951142907,0.002950287338675847
scene0525_00,rotation,selected,0.19533080503837424,16.34737583499448,0.18500881107477737,0.3033606852330993,0.22726729306034604
scene0525_00,rotation,controls,0.021227997938245032,0.7688271333377811,0.06068098208556016,0.0737211366286257,-0.0023722555441275245
scene0525_00,fov,selected,0.06294227048934323,3.2845079558594983,0.4023789964087153,0.10337580900436075,0.027282416831607523
scene0525_00,fov,controls,0.02860105818124889,1.2437918432796404,0.01841121281610192,0.0784267484266019,0.002333356253848673
scene0540_02,translation,selected,0.11140204570702102,5.179486174198508,0.03916401755248167,0.1011677966429576,0.04130353416631805
scene0540_02,translation,controls,0.008843698894819592,0.8893135840298951,0.02455362032701326,0.06295777311810047,0.0030935106414609267
scene0540_02,rotation,selected,0.08284833378242178,12.925341520948995,0.12878091206594042,0.14398476866736343,0.08412050619072389
scene0540_02,rotation,controls,0.012835037362639254,0.6217256422742493,0.06109757293519524,0.06324343112854208,0.0033791686519025407
scene0540_02,fov,selected,0.06588890935558364,6.989413124092583,0.20670596187084406,0.09442930686233819,0.03456504438569865
scene0540_02,fov,controls,0.011401796972434469,1.1474483608315607,0.022670198077005557,0.06348622403420733,0.0036219615575677835
scene0555_00,translation,selected,0.2644842005219692,6.391796006719583,0.03884069337054974,0.36207585771005085,0.2430733156975383
scene0555_00,translation,controls,0.011109806502448534,1.1348470193538436,0.018710355416169038,0.11761660631115105,-0.0013859357013615153
scene0555_00,rotation,selected,0.13985712335602382,10.922803560274385,0.14157329439831434,0.46992506567781855,0.35092252366530596
scene0555_00,rotation,controls,0.015732837867785093,0.7200360703452094,0.04507356623705951,0.11943011549877186,0.00042757348625929725
scene0555_00,fov,selected,0.09115947966605539,5.8704938101935715,0.21573621358413642,0.23384288856386312,0.11484034655135056
scene0555_00,fov,controls,0.017163589538446548,0.9396850528450298,0.015719560942186763,0.12419836758259147,0.005195825570078902
scene0571_00,translation,selected,0.17768913756440707,6.523062918384283,0.04745663982526808,0.16736928225402614,0.12916351037690035
scene0571_00,translation,controls,0.008701619201178446,1.0732309640187072,0.019487812634370178,0.03650306837345447,-0.0017027035036713267
scene0571_00,rotation,selected,0.10466296096691272,13.025260801310418,0.18949065972933438,0.18096967745658799,0.1427639055794622
scene0571_00,rotation,controls,0.015225232577052338,0.720160492651597,0.05994232423715032,0.03674803199582579,-0.0014577398813000048
scene0571_00,fov,selected,0.07886216478606364,3.2528181282107957,0.260559201791639,0.10415224998729286,0.06594647811016707
scene0571_00,fov,controls,0.017607893215692196,1.0925464672995826,0.020019732592202386,0.036889473462311466,-0.0013162984148143292
scene0582_02,translation,selected,0.34730660623248083,11.275192922680075,0.05068162645993162,0.3868864650005386,0.3137790947486456
scene0582_02,translation,controls,0.012526466956829144,0.8740394165149304,0.020893871826712464,0.07953740568516288,0.0064300354332699206
scene0582_02,rotation,selected,0.24221787294242206,13.973869204620346,0.13813626823099856,0.39048113042852717,0.3173737601766342
scene0582_02,rotation,controls,0.021800125283171903,0.6896132984680184,0.06318463022053175,0.0718407831783511,-0.0012665870735418527
scene0582_02,fov,selected,0.08811803823160567,4.792387043664324,0.35789686014403016,0.14502419403277506,0.0719168237808821
scene0582_02,fov,controls,0.024793230089375666,1.0227960884034037,0.02099847109405339,0.07313697405042639,2.9603798533436865e-05
scene0593_00,translation,selected,0.2597442292849927,8.085980286558975,0.059309547667458974,0.43319897118717343,0.3778941303676608
scene0593_00,translation,controls,0.01481899499073044,1.5139771269095694,0.02260585136753447,0.06724421492948879,0.011939374109976142
scene0593_00,rotation,selected,0.13890486615447656,12.975046399701236,0.14420718007462127,0.34479242790465536,0.2894875870851427
scene0593_00,rotation,controls,0.020451877079637523,0.7787114585649985,0.057674518677645455,0.05833331005765725,0.003028469238144607
scene0593_00,fov,selected,0.08240429533461718,4.064746029013669,0.3194166883598722,0.184852860653989,0.12954801983447636
scene0593_00,fov,controls,0.025661867403776968,1.342263244666577,0.022902106007300752,0.07164069896000774,0.016335858140495096
scene0606_01,translation,selected,0.1313699862388114,5.151967466963127,0.07092887638562781,0.15057627329785697,0.07431210316419343
scene0606_01,translation,controls,0.011959942689106525,1.529791889677809,0.022880369209473287,0.07362529015715924,-0.0026388799765043047
scene0606_01,rotation,selected,0.0675775026645123,10.381191255158296,0.11812508303869212,0.1333962023778712,0.05713203224420765
scene0606_01,rotation,controls,0.013364654478306856,0.8373807606338199,0.046388724130887425,0.06727867968671819,-0.008985490446945354
scene0606_01,fov,selected,0.04216758020041807,4.3296692332900175,0.2698840611087603,0.06680993947359853,-0.00945423066006501
scene0606_01,fov,controls,0.018072168485172676,1.0138672350044033,0.020456126270723338,0.06382943730861362,-0.012434732825049921
scene0619_00,translation,selected,0.20027856508106384,3.6939057181608876,0.03342584506731739,0.11876842804636224,0.08548560868425475
scene0619_00,translation,controls,0.010987883948205957,0.6117574648378629,0.0236916682615516,0.03550525917944082,0.0022224398173333396
scene0619_00,rotation,selected,0.06537933173941883,7.30406709901762,0.12300336683786069,0.08310922246418573,0.04982640310207825
scene0619_00,rotation,controls,0.018720483749821125,0.35380416936525644,0.07547101851631831,0.037154558671235044,0.003871739309127563
scene0619_00,fov,selected,0.06792909286012541,3.49946347928278,0.32559286830938855,0.06162304790522034,0.028340228543112862
scene0619_00,fov,controls,0.031293244402074955,1.320370704406719,0.03270105547790036,0.040162467078817106,0.006879647716709625
scene0631_01,translation,selected,0.23190269023404375,8.610689006809018,0.07054348892286216,0.5310790972831997,0.33879075136294756
scene0631_01,translation,controls,0.0126520322580295,1.2194212828484943,0.023909925641651706,0.20061142771200727,0.008323081791755116
scene0631_01,rotation,selected,0.15163643733648016,11.200091177364682,0.1347605989845898,0.5321191348050888,0.33983078888483664
scene0631_01,rotation,controls,0.01912756433792518,0.6622343763552743,0.061615167531457904,0.19836148221288222,0.006073136292630066
scene0631_01,fov,selected,0.05044914099647802,3.0874201312210197,0.3210427125746233,0.23746604224250528,0.04517769632225313
scene0631_01,fov,controls,0.023431129349148,1.1416559661124088,0.021719804183280685,0.20516585308874766,0.012877507168495506
scene0648_00,translation,selected,0.12436018199982422,6.199026119242823,0.03066309418598255,0.13166398479763602,0.0749087796911321
scene0648_00,translation,controls,0.01170306972888318,1.6824550382034213,0.02055785931024639,0.06163940263691722,0.004884197530413303
scene0648_00,rotation,selected,0.10880488768909158,15.16400550804665,0.18122893914502708,0.1521640603393558,0.09540885523285189
scene0648_00,rotation,controls,0.013931360916183237,0.8028581004562868,0.05539264174773424,0.05606786678587072,-0.0006873383206332032
scene0648_00,fov,selected,0.06225362413340242,4.216945726855492,0.2126016219889447,0.09802175955843935,0.04126655445193543
scene0648_00,fov,controls,0.01637407631890344,1.154135390981648,0.021804213146704634,0.05465046585998807,-0.0021047392465158507
scene0663_01,translation,selected,0.26215645636736845,8.580680371357436,0.049302626619422085,0.1899443547640524,0.11013075036578947
scene0663_01,translation,controls,0.010817965039252754,1.2177168459299383,0.020048707856883154,0.08217521496294623,0.002361610564683314
scene0663_01,rotation,selected,0.1649911766514645,14.135496393851982,0.13199130774210108,0.23644711479630562,0.15663351039804269
scene0663_01,rotation,controls,0.02272414402156386,0.8198412664809155,0.056321266851257976,0.0840427664350224,0.004229162036759479
scene0663_01,fov,selected,0.09327638775255467,5.975707900300652,0.28976490910155817,0.1366500039294652,0.05683639953120227
scene0663_01,fov,controls,0.022488597031832272,1.0010774976871446,0.01733987444499847,0.08584043918980715,0.006026834791544228
