partition,scene,frame_count,window_count,global_translation_error_aligned_mean,independent_local_translation_error_aligned_mean,sequential_stitched_translation_error_aligned_mean,global_anchored_translation_error_aligned_mean,global_rotation_error_aligned_deg_mean,independent_local_rotation_error_aligned_deg_mean,sequential_stitched_rotation_error_aligned_deg_mean,global_anchored_rotation_error_aligned_deg_mean,sequential_scale_min,sequential_scale_max,sequential_minus_global_translation,global_anchored_minus_global_translation,sequential_minus_global_rotation_deg,global_anchored_minus_global_rotation_deg,translation_hybrid_translation_error_aligned_mean,translation_hybrid_rotation_error_aligned_deg_mean,translation_hybrid_minus_global_translation,translation_hybrid_minus_global_rotation_deg
calibration,scene0000_00,500,9,1.206868880334796,0.09766962135868687,0.281137645640053,0.9760654285226315,36.63105045899602,3.307972155451761,8.408299798472374,84.96920526499098,0.8665578101339235,1.8979859943393258,-0.925731234694743,-0.23080345181216455,-28.222750660523648,48.338154805994954,0.9760654285226317,38.702994068809836,-0.23080345181216433,2.0719436098138146
calibration,scene0013_02,500,9,0.04150723558033774,0.022406912842384948,0.0702790906578432,0.04168745800130298,1.845606194728002,2.251227823631737,3.544938022872764,2.171096495590215,0.6339569560249797,1.4809136350631724,0.02877185507750546,0.00018022242096524255,1.6993318281447618,0.325490300862213,0.04168745800130306,1.8527716031619603,0.00018022242096531887,0.007165408433958298
calibration,scene0029_01,500,9,0.02547872908384678,0.01755953945147288,0.05918336037949076,0.023121576798595066,4.002499974225572,7.100141000180954,9.374662715183785,8.134782804884445,0.7726862920187075,1.0359694247326046,0.03370463129564398,-0.0023571522852517124,5.372162740958213,4.132282830658873,0.023121576798595066,3.916336734989897,-0.0023571522852517124,-0.08616323923567437
calibration,scene0084_01,500,9,0.05628573637423508,0.028464584667759467,0.08397936442387044,0.049250555934659684,1.6376104654717265,4.292914399651549,10.50731409656051,4.425424286858916,1.105560003088694,1.6665913898375428,0.027693628049635356,-0.007035180439575399,8.869703631088782,2.7878138213871893,0.0492505559346597,1.7617325673562083,-0.007035180439575385,0.1241221018844818
calibration,scene0121_01,500,9,0.07658491040121401,0.03803493292038625,0.09241799168825025,0.06665882405074612,3.5687147751219253,6.913117347113486,10.79459754618261,6.950243089081558,0.6422949876999605,0.9566195715693357,0.01583308128703624,-0.009926086350467891,7.225882771060684,3.3815283139596324,0.06665882405074616,3.5687407248706706,-0.00992608635046785,2.5949748745368595e-05
calibration,scene0207_01,500,9,0.12945571930951197,0.0644380156849862,0.20303392784324012,0.12319512968993512,3.413595551888921,6.259236754463051,7.176086823917952,5.0350422192443895,0.8232404712908022,1.5409124549352733,0.07357820853372815,-0.006260589619576845,3.762491272029031,1.6214466673554684,0.12319512968993514,3.41749475003384,-0.006260589619576831,0.003899198144918792
calibration,scene0280_00,500,9,0.0898419178747773,0.07715587929852308,0.20596190395938127,0.09516524987743574,4.845439900855779,6.5612482337282145,8.97536123906286,5.841876275946016,0.6552297629012789,0.9974810437992739,0.11611998608460397,0.005323332002658443,4.1299213382070805,0.9964363750902372,0.09516524987743573,4.880913821869272,0.005323332002658429,0.03547392101349267
calibration,scene0325_01,500,9,0.0675141840462579,0.022840610601713402,0.11236689756262123,0.05700290846017567,3.4721781858931324,4.274424858997574,4.4128511410370175,6.2409602688045,0.7184437713446163,1.1018822151671464,0.04485271351636333,-0.010511275586082232,0.940672955143885,2.7687820829113674,0.05700290846017557,3.492124718100649,-0.010511275586082336,0.019946532207516743
calibration,scene0675_00,500,9,0.09205588204630032,0.05242948959883228,0.12080081390425111,0.09611373486176597,1.9343966338619025,13.047806851026836,8.342671236142538,4.497457060464773,0.8960177564552452,1.3765880144850917,0.028744931857950795,0.004057852815465654,6.408274602280635,2.56306042660287,0.09611373486176596,2.0825862644562334,0.00405785281546564,0.14818963059433088
calibration,scene0691_00,500,9,0.11857599450582348,0.04755762395025276,0.09142335123358321,0.09644941346345007,4.458770964582007,9.139160727896666,8.761761583351397,5.969843520250634,0.4446929184521125,0.9699189699428463,-0.027152643272240276,-0.022126581042373417,4.302990618769391,1.511072555668627,0.0964494134634501,4.600111025640538,-0.02212658104237339,0.14134006105853114
holdout,scene0042_02,500,9,0.043959245071741336,0.019206144515601816,0.09151573907599518,0.04210669012140495,4.069162933098401,3.682109107084161,7.107347707616045,4.412450462676203,0.861754505147104,1.1984734050962778,0.047556494004253845,-0.0018525549503363853,3.038184774517644,0.3432875295778022,0.04210669012140494,4.198548122054797,-0.0018525549503363992,0.1293851889563964
holdout,scene0056_00,500,9,0.16728961356977032,0.07907174383546546,0.252636837509811,0.16420255947044235,3.3682168823732734,8.510951470083972,6.682991757734056,4.799815822168118,0.9419809090122352,1.3390390571575421,0.08534722394004066,-0.0030870540993279683,3.314774875360783,1.4315989397948448,0.16420255947044252,3.363674307353767,-0.0030870540993278017,-0.004542575019506501
holdout,scene0071_00,500,9,0.08471072866420527,0.035521372928420614,0.23125498933951633,0.07140332847035911,6.79382808898455,13.691675820165925,21.500961067958666,8.406308053451964,0.6077646406546063,1.440839324361495,0.14654426067531107,-0.013307400193846158,14.707132978974116,1.612479964467414,0.07140332847035898,6.7940968009138745,-0.013307400193846297,0.0002687119293245388
holdout,scene0096_00,500,9,0.06742837318702084,0.03243814452604874,0.1816369339087779,0.059286858595599845,1.822123555596897,4.040789759805293,11.019334693747297,7.564703084000985,0.6736004120707587,1.0914577599081736,0.11420856072175704,-0.008141514591420998,9.197211138150399,5.742579528404088,0.05928685859559984,1.7942182582576496,-0.008141514591421005,-0.027905297339247515
holdout,scene0109_00,500,9,0.046473478917500435,0.023678958379776304,0.12006770279519821,0.03626391965976159,2.332870779907713,3.7076853060147825,8.74419400446476,3.936513832292297,0.6488700883144498,1.1687078623129155,0.07359422387769778,-0.010209559257738844,6.411323224557046,1.6036430523845842,0.03626391965976159,2.3358820488530716,-0.010209559257738844,0.003011268945358747
holdout,scene0136_01,500,9,0.03764361765865466,0.014775348557582434,0.027718052680178594,0.03374661916283719,1.8671090427989803,4.263028338118384,4.072907288133499,3.507794423956613,0.554514059306507,1.0466923037457527,-0.009925564978476069,-0.003896998495817476,2.2057982453345186,1.6406853811576327,0.0337466191628371,1.9522162432652732,-0.0038969984958175594,0.08510720046629294
holdout,scene0150_00,430,8,0.01520094300226597,0.010789357144974752,0.03015758056502976,0.015443110726325619,2.7236275236234975,3.5752648158517872,3.911199958831048,3.0742181455902524,0.9248048929865095,1.639897540630063,0.014956637562763789,0.00024216772405964877,1.1875724352075507,0.35059062196675495,0.015443110726325636,2.799168789230009,0.00024216772405966612,0.07554126560651131
holdout,scene0164_01,500,9,0.06896287680798377,0.026535153250398905,0.07975619061043039,0.06206013750312192,5.129477640846382,10.176583382471986,12.196195067259294,6.566882617373194,0.8693192805562766,1.0726871975682954,0.010793313802446622,-0.006902739304861849,7.066717426412913,1.4374049765268122,0.06206013750312193,4.731415665043456,-0.006902739304861842,-0.3980619758029258
holdout,scene0177_01,500,9,0.0834205510204927,0.041532918732126306,0.09078246569029624,0.08225840790129081,2.746078591529271,8.357690294942902,5.239397234972128,4.825704237626086,0.7558773725823176,1.9199688332357279,0.007361914669803543,-0.0011621431192018888,2.493318643442857,2.0796256460968148,0.08225840790129087,2.6785066903432764,-0.0011621431192018333,-0.06757190118599476
holdout,scene0194_00,500,9,0.049776326299068176,0.058471714188282946,0.11241171243628384,0.06485495157413705,3.9399053103962505,7.66677716258012,14.533022178915862,7.474550656759047,0.8605815746643599,1.8844088011311606,0.06263538613721567,0.015078625275068876,10.593116868519612,3.5346453463627965,0.06485495157413705,4.121296698276079,0.015078625275068876,0.18139138787982834
holdout,scene0221_01,500,9,0.12103673251825012,0.05390026726368626,0.4261251842217266,0.10754534851352493,5.560825109361831,9.692385431801505,40.823933007084776,7.744709078229665,1.1380392486626962,2.3210781271165297,0.30508845170347654,-0.013491384004725188,35.263107897722946,2.1838839688678338,0.10754534851352503,5.533579614473459,-0.01349138400472509,-0.027245494888371802
holdout,scene0238_00,500,9,0.08497894354523615,0.05623986181206496,0.14610829690571223,0.08166010294913238,4.041086600180262,20.305417998372228,28.872558196356664,10.265523104224062,0.4825130977485155,1.1445555180595666,0.06112935336047608,-0.003318840596103767,24.831471596176403,6.2244365040438,0.08166010294913238,4.190428324709125,-0.003318840596103767,0.1493417245288633
holdout,scene0254_01,500,9,0.09351570631091877,0.029953900488199254,0.06501664842504955,0.0735503771708437,6.645037821403873,3.5384979700025276,4.43766457618251,8.963119497321218,1.0371618974985397,1.834279801813212,-0.02849905788586922,-0.019965329140075067,-2.207373245221363,2.3180816759173446,0.07355037717084364,6.9777025266665476,-0.019965329140075122,0.33266470526267433
holdout,scene0267_00,500,9,0.1212016303211814,0.04020743122672756,0.11584243407159397,0.11252251020437723,4.9686829866156845,20.262549696474014,16.70129321125658,16.98972671411521,0.8734082198633881,1.4052956093495845,-0.005359196249587431,-0.008679120116804176,11.732610224640895,12.021043727499526,0.11252251020437723,4.822876951891141,-0.008679120116804176,-0.14580603472454357
holdout,scene0294_02,500,9,0.10247611605096642,0.07268217441985216,0.22629760634880927,0.09463725418992427,2.5954002200097883,3.6775697108592342,15.950024989884435,3.979231920940607,1.0160834571904973,1.814042502645191,0.12382149029784285,-0.007838861861042143,13.354624769874647,1.3838317009308185,0.09463725418992427,2.550455163231967,-0.007838861861042143,-0.044945056777821346
holdout,scene0309_00,500,9,0.15483805143711232,0.08552317206741461,0.15476575337713594,0.14197984111958095,3.8264821612040887,10.218613918130435,18.152264206762773,15.147667630433808,0.6890279113727503,1.169055068498268,-7.229805997638339e-05,-0.012858210317531371,14.325782045558684,11.32118546922972,0.141979841119581,3.728897486196895,-0.012858210317531316,-0.09758467500719359
holdout,scene0340_01,500,9,0.04787088113907598,0.02749222659688887,0.05647130356874895,0.04602431950548496,2.823270546359049,5.218740444765651,5.784135453211504,4.152048955151531,0.8584397535595114,1.0749256052615468,0.008600422429672974,-0.0018465616335910165,2.960864906852455,1.3287784087924819,0.046024319505484926,2.7975770885543763,-0.0018465616335910512,-0.025693457804672803
holdout,scene0353_02,500,9,0.12510247634805985,0.03961690118912507,0.18308867049761693,0.10135725875885065,5.716994911146183,5.615361799275975,16.69195528055087,6.859259362259505,1.0337458458351727,1.598616577982173,0.05798619414955708,-0.023745217589209194,10.974960369404688,1.1422644511133218,0.10135725875885067,5.800219592841378,-0.02374521758920918,0.08322468169519492
holdout,scene0367_01,500,9,0.0808255291370043,0.031167331126063198,0.09867831413177049,0.08050624450149252,4.050850512957261,7.417298878539206,18.17213315364931,7.716271658033531,0.7917605418473197,0.9600646665729734,0.017852784994766183,-0.0003192846355117851,14.121282640692048,3.6654211450762695,0.0805062445014925,4.023973872897572,-0.000319284635511799,-0.026876640059689372
holdout,scene0380_02,500,9,0.11273704056606462,0.04536949720681411,0.19945852654032598,0.11072444372390955,4.880541267858422,10.272223987483676,10.011696096408109,9.242105782503499,0.794775189210312,1.2630839726450898,0.08672148597426135,-0.0020125968421550733,5.131154828549687,4.361564514645077,0.11072444372390954,4.786247830313709,-0.002012596842155087,-0.09429343754471287
holdout,scene0395_00,500,9,0.12808391574204603,0.0912277280067184,0.22482602389958628,0.1293111830005048,2.668708068537977,9.401316935457551,10.239706547378457,4.451379937225461,0.6800136611472847,1.5436165141848681,0.09674210815754025,0.0012272672584587585,7.57099847884048,1.7826718686874838,0.12931118300050495,2.6865936265391674,0.001227267258458925,0.017885558001190294
holdout,scene0409_01,500,9,0.22959975516476466,0.0516760264933056,0.21061789525436278,0.18281310359671063,6.608255187279357,10.681429855188759,14.106983219368413,22.242818928658657,0.48094158664560055,1.1389386696247874,-0.018981859910401883,-0.04678665156805403,7.498728032089056,15.6345637413793,0.18281310359671069,6.88853390194261,-0.04678665156805398,0.28027871466325305
holdout,scene0421_02,500,9,0.04411011549383903,0.019415099556551227,0.061402293154729025,0.041876004795265445,3.8068734708305563,3.7767475966157016,7.689698651908755,4.525294719417968,0.5660819017769485,1.0272747882535558,0.017292177660889994,-0.0022341106985735854,3.882825181078199,0.7184212485874113,0.04187600479526544,3.937942726417932,-0.0022341106985735923,0.1310692555873758
holdout,scene0435_03,500,9,0.09011097665418932,0.036721532315737916,0.11353100505242406,0.08299710024881946,2.8367155436839298,3.749341593693133,7.093217792867362,3.8347021476479712,0.7333851990392757,1.3328900393954743,0.023420028398234732,-0.007113876405369868,4.256502249183432,0.9979866039640415,0.0829971002488195,2.7381192356941044,-0.007113876405369826,-0.09859630798982533
holdout,scene0451_01,500,9,0.054589217184737415,0.04416303482441634,0.32421875777532644,0.05386820571862589,1.5863433652880112,3.378676681279182,7.570640019579955,3.228482371902564,0.4497523071086465,0.8890828546918046,0.269629540590589,-0.0007210114661115249,5.984296654291944,1.6421390066145527,0.05386820571862584,1.6075605677730187,-0.0007210114661115735,0.02121720248500747
holdout,scene0466_01,500,9,0.20071892341286746,0.04184611198976211,0.15387896463460157,0.19090658602124172,7.934814396661228,8.882408862612646,7.331658743722952,12.234725671760112,0.7041281975595624,1.1607464704010375,-0.04683995877826588,-0.009812337391625736,-0.603155652938276,4.299911275098884,0.19090658602124172,7.9707838608728565,-0.009812337391625736,0.03596946421162883
holdout,scene0477_00,500,9,0.11899145608427514,0.06975057086054139,0.1777926373243698,0.11282751332151943,5.1050584041962415,4.353910111633881,11.736911379125694,4.979630643219041,0.9112556790539813,2.0143539454835535,0.058801181240094674,-0.006163942762755711,6.631852974929452,-0.12542776097720054,0.11282751332151937,4.852324094697278,-0.006163942762755767,-0.2527343094989636
holdout,scene0493_01,500,9,0.047334258708003514,0.0235314363370882,0.0915472372316226,0.044077560313106466,1.5933191837140255,5.113597119966645,5.161137887310727,4.0894414081969455,0.6086558409527858,0.9119391427283209,0.044212978523619086,-0.003256698394897048,3.5678187035967017,2.49612222448292,0.04407756031310636,1.6032227030530524,-0.003256698394897152,0.00990351933902689
holdout,scene0509_01,500,9,0.03956647083821645,0.014173136433049098,0.1000128364403828,0.03528001899797659,3.101570824897044,7.6334551162582915,18.08705013132457,6.464615766687524,0.669271081424735,0.8965367648360871,0.060446365602166346,-0.0042864518402398605,14.985479306427527,3.36304494179048,0.03528001899797659,3.373503352848275,-0.0042864518402398605,0.2719325279512308
holdout,scene0525_00,500,9,0.0760933921727533,0.04925633982250801,0.09699742369054866,0.07451226348163485,1.83221992730258,7.342510678428726,4.669335408757522,5.357326566325869,0.8016366622069274,1.0616686078747248,0.020904031517795366,-0.0015811286911184413,2.8371154814549424,3.5251066390232895,0.07451226348163487,1.8215631200523035,-0.0015811286911184275,-0.010656807250276623
holdout,scene0540_02,500,9,0.059864262476639514,0.026938955372979682,0.06352616611956509,0.05442860171034465,7.608478353201147,6.48183671640329,11.546335759693495,8.409890719304046,0.7690095897876611,1.2555173971519846,0.003661903642925575,-0.005435660766294863,3.9378574064923475,0.8014123661028991,0.054428601710344686,7.554861775236167,-0.005435660766294828,-0.05361657796498065
holdout,scene0555_00,500,9,0.1190025420125127,0.052461325909336935,0.3473735557795065,0.1118072517097265,4.761985476023982,4.255852995366262,14.462515126260824,5.537274237179723,0.6952975373850248,1.0485826798433042,0.2283710137669938,-0.007195290302786206,9.700529650236842,0.7752887611557409,0.1118072517097266,4.77608262795651,-0.007195290302786109,0.014097151932527474
holdout,scene0571_00,500,9,0.03820577187712581,0.029782585950906198,0.08915025468461536,0.04094859803817285,8.016016565266746,7.11991695231077,11.833720543826274,7.6450330217909,0.44492005669771323,0.7936472967654217,0.050944482807489554,0.0027428261610470406,3.8177039785595284,-0.3709835434758455,0.04094859803817285,7.65536708686321,0.0027428261610470406,-0.3606494784035359
holdout,scene0582_02,500,9,0.073107370251893,0.04041498747641247,0.2658254905869466,0.07408440432596583,2.1766130616889416,6.799175488443096,14.38621403361706,4.226308480686367,0.6280650692066098,0.9915988472904235,0.1927181203350536,0.0009770340740728328,12.209600971928118,2.049695418997425,0.0740844043259658,2.1783501879060885,0.000977034074072805,0.0017371262171468338
holdout,scene0593_00,500,9,0.05530484081951263,0.047132258660095926,0.1543847869444025,0.05249634096147813,2.59060578960313,3.4004274760801625,12.497359788837834,3.0592160055285875,0.9043896287890084,2.014459108079803,0.09907994612488986,-0.0028084998580345036,9.906753999234704,0.4686102159254575,0.052496340961478156,2.6277851117022526,-0.002808499858034476,0.03717932209912256
holdout,scene0606_01,500,9,0.07626417013366348,0.03896854609170407,0.12927059069827496,0.07218543464511057,5.6974760189736156,3.827119457805376,23.791693334742458,7.006463178256161,0.8458399684780343,1.4060855981768494,0.05300642056461148,-0.0040787354885529065,18.094217315768844,1.3089871592825455,0.0721854346451105,5.728128537198673,-0.004078735488552976,0.030652518225057435
holdout,scene0619_00,500,9,0.03328281936210756,0.022895712990126754,0.03880461074637535,0.031673437676267534,1.1756839057697075,1.6254981414908165,2.6917480162842002,1.4180408719051478,0.914802875084098,1.4824208315756862,0.005521791384267789,-0.0016093816858400237,1.5160641105144927,0.24235696613544033,0.031673437676267596,1.17344243357523,-0.0016093816858399612,-0.0022414721944774563
holdout,scene0631_01,500,9,0.19228834592025226,0.10992592360726598,0.5923968002069673,0.2025208507124334,3.8001010409575047,19.44548849254237,12.788595045763504,7.260505568301771,0.543062701739964,2.220298328858806,0.40010845428671504,0.01023250479218113,8.988494004806,3.4604045273442665,0.20252085071243328,3.8341020466625486,0.010232504792181019,0.03400100570504394
holdout,scene0648_00,500,9,0.05675520510650392,0.05329424038209595,0.09529601734617782,0.06401294646190807,2.6260817450126424,6.944306314198572,9.344863609266792,5.118769560107712,0.4786489303348428,0.9030287557937725,0.0385408122396739,0.007257741355404149,6.718781864254149,2.4926878150950693,0.06401294646190808,2.6742944238430373,0.0072577413554041625,0.04821267883039493
holdout,scene0663_01,500,9,0.07981360439826285,0.0560278697359475,0.07893122210458026,0.07655036498005144,3.738531777515066,5.5341929119340305,6.7559921435608326,4.177643745400201,1.2509071904123232,1.7419673574142984,-0.0008823822936825931,-0.003263239418211411,3.0174603660457664,0.43911196788513474,0.07655036498005144,3.9378019774211626,-0.003263239418211411,0.1992701999060964
